file_path,width,height,dtype,min_intensity,max_intensity,mean_intensity
C:\Users\dell\Documents\hsi2ndresearch\Segregated Sentences and Parts\2. Page 5\Document_1\Image_05\C_01_W-01-02-03-04_R1111\Combined\Band_1.png,515,67,uint8,0,255,137.8805173
C:\Users\dell\Documents\hsi2ndresearch\Segregated Sentences and Parts\2. Page 5\Document_1\Image_05\C_01_W-01-02-03-04_R1111\Combined\Band_10.png,515,67,uint8,0,255,139.9032676
C:\Users\dell\Documents\hsi2ndresearch\Segregated Sentences and Parts\2. Page 5\Document_1\Image_05\C_01_W-01-02-03-04_R1111\Combined\Band_100.png,515,67,uint8,0,255,146.9403565
C:\Users\dell\Documents\hsi2ndresearch\Segregated Sentences and Parts\2. Page 5\Document_1\Image_05\C_01_W-01-02-03-04_R1111\Combined\Band_101.png,515,67,uint8,0,255,146.9696783
C:\Users\dell\Documents\hsi2ndresearch\Segregated Sentences and Parts\2. Page 5\Document_1\Image_05\C_01_W-01-02-03-04_R1111\Combined\Band_102.png,515,67,uint8,0,255,147.0072163
C:\Users\dell\Documents\hsi2ndresearch\Segregated Sentences and Parts\2. Page 5\Document_1\Image_05\C_01_W-01-02-03-04_R1111\Combined\Band_103.png,515,67,uint8,0,255,146.9228155
C:\Users\dell\Documents\hsi2ndresearch\Segregated Sentences and Parts\2. Page 5\Document_1\Image_05\C_01_W-01-02-03-04_R1111\Combined\Band_104.png,515,67,uint8,0,255,146.8709317
C:\Users\dell\Documents\hsi2ndresearch\Segregated Sentences and Parts\2. Page 5\Document_1\Image_05\C_01_W-01-02-03-04_R1111\Combined\Band_105.png,515,67,uint8,0,255,146.8438487
C:\Users\dell\Documents\hsi2ndresearch\Segregated Sentences and Parts\2. Page 5\Document_1\Image_05\C_01_W-01-02-03-04_R1111\Combined\Band_106.png,515,67,uint8,0,255,146.8330677
C:\Users\dell\Documents\hsi2ndresearch\Segregated Sentences and Parts\2. Page 5\Document_1\Image_05\C_01_W-01-02-03-04_R1111\Combined\Band_107.png,515,67,uint8,0,255,146.8075062
C:\Users\dell\Documents\hsi2ndresearch\Segregated Sentences and Parts\2. Page 5\Document_1\Image_05\C_01_W-01-02-03-04_R1111\Combined\Band_108.png,515,67,uint8,0,255,146.7664904
C:\Users\dell\Documents\hsi2ndresearch\Segregated Sentences and Parts\2. Page 5\Document_1\Image_05\C_01_W-01-02-03-04_R1111\Combined\Band_109.png,515,67,uint8,0,255,146.7542095
C:\Users\dell\Documents\hsi2ndresearch\Segregated Sentences and Parts\2. Page 5\Document_1\Image_05\C_01_W-01-02-03-04_R1111\Combined\Band_11.png,515,67,uint8,0,255,140.3697435
C:\Users\dell\Documents\hsi2ndresearch\Segregated Sentences and Parts\2. Page 5\Document_1\Image_05\C_01_W-01-02-03-04_R1111\Combined\Band_110.png,515,67,uint8,0,255,146.7445153
C:\Users\dell\Documents\hsi2ndresearch\Segregated Sentences and Parts\2. Page 5\Document_1\Image_05\C_01_W-01-02-03-04_R1111\Combined\Band_111.png,515,67,uint8,0,255,146.7208665
C:\Users\dell\Documents\hsi2ndresearch\Segregated Sentences and Parts\2. Page 5\Document_1\Image_05\C_01_W-01-02-03-04_R1111\Combined\Band_112.png,515,67,uint8,0,255,146.746189
C:\Users\dell\Documents\hsi2ndresearch\Segregated Sentences and Parts\2. Page 5\Document_1\Image_05\C_01_W-01-02-03-04_R1111\Combined\Band_113.png,515,67,uint8,0,255,146.7736632
C:\Users\dell\Documents\hsi2ndresearch\Segregated Sentences and Parts\2. Page 5\Document_1\Image_05\C_01_W-01-02-03-04_R1111\Combined\Band_114.png,515,67,uint8,0,255,146.792617
C:\Users\dell\Documents\hsi2ndresearch\Segregated Sentences and Parts\2. Page 5\Document_1\Image_05\C_01_W-01-02-03-04_R1111\Combined\Band_115.png,515,67,uint8,0,255,146.8087451
C:\Users\dell\Documents\hsi2ndresearch\Segregated Sentences and Parts\2. Page 5\Document_1\Image_05\C_01_W-01-02-03-04_R1111\Combined\Band_116.png,515,67,uint8,0,255,146.7168889
C:\Users\dell\Documents\hsi2ndresearch\Segregated Sentences and Parts\2. Page 5\Document_1\Image_05\C_01_W-01-02-03-04_R1111\Combined\Band_117.png,515,67,uint8,0,255,146.6687654
C:\Users\dell\Documents\hsi2ndresearch\Segregated Sentences and Parts\2. Page 5\Document_1\Image_05\C_01_W-01-02-03-04_R1111\Combined\Band_118.png,515,67,uint8,0,255,146.5138096
C:\Users\dell\Documents\hsi2ndresearch\Segregated Sentences and Parts\2. Page 5\Document_1\Image_05\C_01_W-01-02-03-04_R1111\Combined\Band_119.png,515,67,uint8,0,255,146.5426098
C:\Users\dell\Documents\hsi2ndresearch\Segregated Sentences and Parts\2. Page 5\Document_1\Image_05\C_01_W-01-02-03-04_R1111\Combined\Band_12.png,515,67,uint8,0,255,139.3359151
C:\Users\dell\Documents\hsi2ndresearch\Segregated Sentences and Parts\2. Page 5\Document_1\Image_05\C_01_W-01-02-03-04_R1111\Combined\Band_120.png,515,67,uint8,0,255,146.5581293
C:\Users\dell\Documents\hsi2ndresearch\Segregated Sentences and Parts\2. Page 5\Document_1\Image_05\C_01_W-01-02-03-04_R1111\Combined\Band_121.png,515,67,uint8,0,255,146.6961962
C:\Users\dell\Documents\hsi2ndresearch\Segregated Sentences and Parts\2. Page 5\Document_1\Image_05\C_01_W-01-02-03-04_R1111\Combined\Band_122.png,515,67,uint8,0,255,146.8509999
C:\Users\dell\Documents\hsi2ndresearch\Segregated Sentences and Parts\2. Page 5\Document_1\Image_05\C_01_W-01-02-03-04_R1111\Combined\Band_123.png,515,67,uint8,0,255,146.823982
C:\Users\dell\Documents\hsi2ndresearch\Segregated Sentences and Parts\2. Page 5\Document_1\Image_05\C_01_W-01-02-03-04_R1111\Combined\Band_124.png,515,67,uint8,0,255,146.8082017
C:\Users\dell\Documents\hsi2ndresearch\Segregated Sentences and Parts\2. Page 5\Document_1\Image_05\C_01_W-01-02-03-04_R1111\Combined\Band_125.png,515,67,uint8,0,255,146.8570425
C:\Users\dell\Documents\hsi2ndresearch\Segregated Sentences and Parts\2. Page 5\Document_1\Image_05\C_01_W-01-02-03-04_R1111\Combined\Band_126.png,515,67,uint8,0,255,146.8088321
C:\Users\dell\Documents\hsi2ndresearch\Segregated Sentences and Parts\2. Page 5\Document_1\Image_05\C_01_W-01-02-03-04_R1111\Combined\Band_127.png,515,67,uint8,0,255,146.6261194
C:\Users\dell\Documents\hsi2ndresearch\Segregated Sentences and Parts\2. Page 5\Document_1\Image_05\C_01_W-01-02-03-04_R1111\Combined\Band_128.png,515,67,uint8,0,255,146.5803652
C:\Users\dell\Documents\hsi2ndresearch\Segregated Sentences and Parts\2. Page 5\Document_1\Image_05\C_01_W-01-02-03-04_R1111\Combined\Band_129.png,515,67,uint8,0,255,146.6075351
C:\Users\dell\Documents\hsi2ndresearch\Segregated Sentences and Parts\2. Page 5\Document_1\Image_05\C_01_W-01-02-03-04_R1111\Combined\Band_13.png,515,67,uint8,0,255,138.9903782
C:\Users\dell\Documents\hsi2ndresearch\Segregated Sentences and Parts\2. Page 5\Document_1\Image_05\C_01_W-01-02-03-04_R1111\Combined\Band_130.png,515,67,uint8,0,255,146.6313578
C:\Users\dell\Documents\hsi2ndresearch\Segregated Sentences and Parts\2. Page 5\Document_1\Image_05\C_01_W-01-02-03-04_R1111\Combined\Band_131.png,515,67,uint8,0,255,146.5990581
C:\Users\dell\Documents\hsi2ndresearch\Segregated Sentences and Parts\2. Page 5\Document_1\Image_05\C_01_W-01-02-03-04_R1111\Combined\Band_132.png,515,67,uint8,0,255,146.5372627
C:\Users\dell\Documents\hsi2ndresearch\Segregated Sentences and Parts\2. Page 5\Document_1\Image_05\C_01_W-01-02-03-04_R1111\Combined\Band_133.png,515,67,uint8,0,255,146.4649254
C:\Users\dell\Documents\hsi2ndresearch\Segregated Sentences and Parts\2. Page 5\Document_1\Image_05\C_01_W-01-02-03-04_R1111\Combined\Band_134.png,515,67,uint8,0,255,146.439516
C:\Users\dell\Documents\hsi2ndresearch\Segregated Sentences and Parts\2. Page 5\Document_1\Image_05\C_01_W-01-02-03-04_R1111\Combined\Band_135.png,515,67,uint8,0,255,146.5325895
C:\Users\dell\Documents\hsi2ndresearch\Segregated Sentences and Parts\2. Page 5\Document_1\Image_05\C_01_W-01-02-03-04_R1111\Combined\Band_136.png,515,67,uint8,0,255,146.6620055
C:\Users\dell\Documents\hsi2ndresearch\Segregated Sentences and Parts\2. Page 5\Document_1\Image_05\C_01_W-01-02-03-04_R1111\Combined\Band_137.png,515,67,uint8,0,255,146.7654253
C:\Users\dell\Documents\hsi2ndresearch\Segregated Sentences and Parts\2. Page 5\Document_1\Image_05\C_01_W-01-02-03-04_R1111\Combined\Band_138.png,515,67,uint8,0,255,146.747341
C:\Users\dell\Documents\hsi2ndresearch\Segregated Sentences and Parts\2. Page 5\Document_1\Image_05\C_01_W-01-02-03-04_R1111\Combined\Band_139.png,515,67,uint8,0,255,146.7925953
C:\Users\dell\Documents\hsi2ndresearch\Segregated Sentences and Parts\2. Page 5\Document_1\Image_05\C_01_W-01-02-03-04_R1111\Combined\Band_14.png,515,67,uint8,0,255,137.9903058
C:\Users\dell\Documents\hsi2ndresearch\Segregated Sentences and Parts\2. Page 5\Document_1\Image_05\C_01_W-01-02-03-04_R1111\Combined\Band_140.png,515,67,uint8,0,255,146.6287929
C:\Users\dell\Documents\hsi2ndresearch\Segregated Sentences and Parts\2. Page 5\Document_1\Image_05\C_01_W-01-02-03-04_R1111\Combined\Band_141.png,515,67,uint8,0,255,146.5417621
C:\Users\dell\Documents\hsi2ndresearch\Segregated Sentences and Parts\2. Page 5\Document_1\Image_05\C_01_W-01-02-03-04_R1111\Combined\Band_142.png,515,67,uint8,0,255,146.5999058
C:\Users\dell\Documents\hsi2ndresearch\Segregated Sentences and Parts\2. Page 5\Document_1\Image_05\C_01_W-01-02-03-04_R1111\Combined\Band_143.png,515,67,uint8,0,255,146.7290393
C:\Users\dell\Documents\hsi2ndresearch\Segregated Sentences and Parts\2. Page 5\Document_1\Image_05\C_01_W-01-02-03-04_R1111\Combined\Band_144.png,515,67,uint8,0,255,146.8121142
C:\Users\dell\Documents\hsi2ndresearch\Segregated Sentences and Parts\2. Page 5\Document_1\Image_05\C_01_W-01-02-03-04_R1111\Combined\Band_145.png,515,67,uint8,0,255,146.7850094
C:\Users\dell\Documents\hsi2ndresearch\Segregated Sentences and Parts\2. Page 5\Document_1\Image_05\C_01_W-01-02-03-04_R1111\Combined\Band_146.png,515,67,uint8,0,255,146.5297203
C:\Users\dell\Documents\hsi2ndresearch\Segregated Sentences and Parts\2. Page 5\Document_1\Image_05\C_01_W-01-02-03-04_R1111\Combined\Band_147.png,515,67,uint8,0,255,146.3731778
C:\Users\dell\Documents\hsi2ndresearch\Segregated Sentences and Parts\2. Page 5\Document_1\Image_05\C_01_W-01-02-03-04_R1111\Combined\Band_148.png,515,67,uint8,0,255,146.2988407
C:\Users\dell\Documents\hsi2ndresearch\Segregated Sentences and Parts\2. Page 5\Document_1\Image_05\C_01_W-01-02-03-04_R1111\Combined\Band_149.png,515,67,uint8,0,255,146.3047747
C:\Users\dell\Documents\hsi2ndresearch\Segregated Sentences and Parts\2. Page 5\Document_1\Image_05\C_01_W-01-02-03-04_R1111\Combined\Band_15.png,515,67,uint8,0,255,137.8896899
C:\Users\dell\Documents\hsi2ndresearch\Segregated Sentences and Parts\2. Page 5\Document_1\Image_05\C_01_W-01-02-03-04_R1111\Combined\Band_16.png,515,67,uint8,0,255,139.0907115
C:\Users\dell\Documents\hsi2ndresearch\Segregated Sentences and Parts\2. Page 5\Document_1\Image_05\C_01_W-01-02-03-04_R1111\Combined\Band_17.png,515,67,uint8,0,255,138.9188016
C:\Users\dell\Documents\hsi2ndresearch\Segregated Sentences and Parts\2. Page 5\Document_1\Image_05\C_01_W-01-02-03-04_R1111\Combined\Band_18.png,515,67,uint8,0,255,139.7197508
C:\Users\dell\Documents\hsi2ndresearch\Segregated Sentences and Parts\2. Page 5\Document_1\Image_05\C_01_W-01-02-03-04_R1111\Combined\Band_19.png,515,67,uint8,0,255,139.5619041
C:\Users\dell\Documents\hsi2ndresearch\Segregated Sentences and Parts\2. Page 5\Document_1\Image_05\C_01_W-01-02-03-04_R1111\Combined\Band_2.png,515,67,uint8,0,255,139.2838574
C:\Users\dell\Documents\hsi2ndresearch\Segregated Sentences and Parts\2. Page 5\Document_1\Image_05\C_01_W-01-02-03-04_R1111\Combined\Band_20.png,515,67,uint8,0,255,138.8029271
C:\Users\dell\Documents\hsi2ndresearch\Segregated Sentences and Parts\2. Page 5\Document_1\Image_05\C_01_W-01-02-03-04_R1111\Combined\Band_21.png,515,67,uint8,0,255,140.2343936
C:\Users\dell\Documents\hsi2ndresearch\Segregated Sentences and Parts\2. Page 5\Document_1\Image_05\C_01_W-01-02-03-04_R1111\Combined\Band_22.png,515,67,uint8,0,255,141.607325
C:\Users\dell\Documents\hsi2ndresearch\Segregated Sentences and Parts\2. Page 5\Document_1\Image_05\C_01_W-01-02-03-04_R1111\Combined\Band_23.png,515,67,uint8,0,255,141.76778
C:\Users\dell\Documents\hsi2ndresearch\Segregated Sentences and Parts\2. Page 5\Document_1\Image_05\C_01_W-01-02-03-04_R1111\Combined\Band_24.png,515,67,uint8,0,255,141.8510071
C:\Users\dell\Documents\hsi2ndresearch\Segregated Sentences and Parts\2. Page 5\Document_1\Image_05\C_01_W-01-02-03-04_R1111\Combined\Band_25.png,515,67,uint8,0,255,141.9128025
C:\Users\dell\Documents\hsi2ndresearch\Segregated Sentences and Parts\2. Page 5\Document_1\Image_05\C_01_W-01-02-03-04_R1111\Combined\Band_26.png,515,67,uint8,0,255,141.7257861
C:\Users\dell\Documents\hsi2ndresearch\Segregated Sentences and Parts\2. Page 5\Document_1\Image_05\C_01_W-01-02-03-04_R1111\Combined\Band_27.png,515,67,uint8,0,255,141.5410738
C:\Users\dell\Documents\hsi2ndresearch\Segregated Sentences and Parts\2. Page 5\Document_1\Image_05\C_01_W-01-02-03-04_R1111\Combined\Band_28.png,515,67,uint8,0,255,141.416657
C:\Users\dell\Documents\hsi2ndresearch\Segregated Sentences and Parts\2. Page 5\Document_1\Image_05\C_01_W-01-02-03-04_R1111\Combined\Band_29.png,515,67,uint8,0,255,141.8860238
C:\Users\dell\Documents\hsi2ndresearch\Segregated Sentences and Parts\2. Page 5\Document_1\Image_05\C_01_W-01-02-03-04_R1111\Combined\Band_3.png,515,67,uint8,0,255,140.0335966
C:\Users\dell\Documents\hsi2ndresearch\Segregated Sentences and Parts\2. Page 5\Document_1\Image_05\C_01_W-01-02-03-04_R1111\Combined\Band_30.png,515,67,uint8,0,255,141.9537096
C:\Users\dell\Documents\hsi2ndresearch\Segregated Sentences and Parts\2. Page 5\Document_1\Image_05\C_01_W-01-02-03-04_R1111\Combined\Band_31.png,515,67,uint8,0,255,141.6859441
C:\Users\dell\Documents\hsi2ndresearch\Segregated Sentences and Parts\2. Page 5\Document_1\Image_05\C_01_W-01-02-03-04_R1111\Combined\Band_32.png,515,67,uint8,0,255,141.2375743
C:\Users\dell\Documents\hsi2ndresearch\Segregated Sentences and Parts\2. Page 5\Document_1\Image_05\C_01_W-01-02-03-04_R1111\Combined\Band_33.png,515,67,uint8,0,255,141.202275
C:\Users\dell\Documents\hsi2ndresearch\Segregated Sentences and Parts\2. Page 5\Document_1\Image_05\C_01_W-01-02-03-04_R1111\Combined\Band_34.png,515,67,uint8,0,255,141.2160774
C:\Users\dell\Documents\hsi2ndresearch\Segregated Sentences and Parts\2. Page 5\Document_1\Image_05\C_01_W-01-02-03-04_R1111\Combined\Band_35.png,515,67,uint8,0,255,141.8477902
C:\Users\dell\Documents\hsi2ndresearch\Segregated Sentences and Parts\2. Page 5\Document_1\Image_05\C_01_W-01-02-03-04_R1111\Combined\Band_36.png,515,67,uint8,0,255,142.4945443
C:\Users\dell\Documents\hsi2ndresearch\Segregated Sentences and Parts\2. Page 5\Document_1\Image_05\C_01_W-01-02-03-04_R1111\Combined\Band_37.png,515,67,uint8,0,255,142.6898638
C:\Users\dell\Documents\hsi2ndresearch\Segregated Sentences and Parts\2. Page 5\Document_1\Image_05\C_01_W-01-02-03-04_R1111\Combined\Band_38.png,515,67,uint8,0,255,142.4071004
C:\Users\dell\Documents\hsi2ndresearch\Segregated Sentences and Parts\2. Page 5\Document_1\Image_05\C_01_W-01-02-03-04_R1111\Combined\Band_39.png,515,67,uint8,0,255,141.9645993
C:\Users\dell\Documents\hsi2ndresearch\Segregated Sentences and Parts\2. Page 5\Document_1\Image_05\C_01_W-01-02-03-04_R1111\Combined\Band_4.png,515,67,uint8,0,255,140.3302927
C:\Users\dell\Documents\hsi2ndresearch\Segregated Sentences and Parts\2. Page 5\Document_1\Image_05\C_01_W-01-02-03-04_R1111\Combined\Band_40.png,515,67,uint8,0,255,142.3780612
C:\Users\dell\Documents\hsi2ndresearch\Segregated Sentences and Parts\2. Page 5\Document_1\Image_05\C_01_W-01-02-03-04_R1111\Combined\Band_41.png,515,67,uint8,0,255,142.6524779
C:\Users\dell\Documents\hsi2ndresearch\Segregated Sentences and Parts\2. Page 5\Document_1\Image_05\C_01_W-01-02-03-04_R1111\Combined\Band_42.png,515,67,uint8,0,255,142.5769671
C:\Users\dell\Documents\hsi2ndresearch\Segregated Sentences and Parts\2. Page 5\Document_1\Image_05\C_01_W-01-02-03-04_R1111\Combined\Band_43.png,515,67,uint8,0,255,142.1901753
C:\Users\dell\Documents\hsi2ndresearch\Segregated Sentences and Parts\2. Page 5\Document_1\Image_05\C_01_W-01-02-03-04_R1111\Combined\Band_44.png,515,67,uint8,0,255,141.7206564
C:\Users\dell\Documents\hsi2ndresearch\Segregated Sentences and Parts\2. Page 5\Document_1\Image_05\C_01_W-01-02-03-04_R1111\Combined\Band_45.png,515,67,uint8,0,255,141.7544559
C:\Users\dell\Documents\hsi2ndresearch\Segregated Sentences and Parts\2. Page 5\Document_1\Image_05\C_01_W-01-02-03-04_R1111\Combined\Band_46.png,515,67,uint8,0,255,142.3045501
C:\Users\dell\Documents\hsi2ndresearch\Segregated Sentences and Parts\2. Page 5\Document_1\Image_05\C_01_W-01-02-03-04_R1111\Combined\Band_47.png,515,67,uint8,0,255,142.7752645
C:\Users\dell\Documents\hsi2ndresearch\Segregated Sentences and Parts\2. Page 5\Document_1\Image_05\C_01_W-01-02-03-04_R1111\Combined\Band_48.png,515,67,uint8,0,255,142.7182075
C:\Users\dell\Documents\hsi2ndresearch\Segregated Sentences and Parts\2. Page 5\Document_1\Image_05\C_01_W-01-02-03-04_R1111\Combined\Band_49.png,515,67,uint8,0,255,142.4998913
C:\Users\dell\Documents\hsi2ndresearch\Segregated Sentences and Parts\2. Page 5\Document_1\Image_05\C_01_W-01-02-03-04_R1111\Combined\Band_5.png,515,67,uint8,0,255,139.8995291
C:\Users\dell\Documents\hsi2ndresearch\Segregated Sentences and Parts\2. Page 5\Document_1\Image_05\C_01_W-01-02-03-04_R1111\Combined\Band_50.png,515,67,uint8,0,255,142.9018983
C:\Users\dell\Documents\hsi2ndresearch\Segregated Sentences and Parts\2. Page 5\Document_1\Image_05\C_01_W-01-02-03-04_R1111\Combined\Band_51.png,515,67,uint8,0,255,143.2694537
C:\Users\dell\Documents\hsi2ndresearch\Segregated Sentences and Parts\2. Page 5\Document_1\Image_05\C_01_W-01-02-03-04_R1111\Combined\Band_52.png,515,67,uint8,0,255,143.3362049
C:\Users\dell\Documents\hsi2ndresearch\Segregated Sentences and Parts\2. Page 5\Document_1\Image_05\C_01_W-01-02-03-04_R1111\Combined\Band_53.png,515,67,uint8,0,255,142.8013259
C:\Users\dell\Documents\hsi2ndresearch\Segregated Sentences and Parts\2. Page 5\Document_1\Image_05\C_01_W-01-02-03-04_R1111\Combined\Band_54.png,515,67,uint8,0,255,142.5832488
C:\Users\dell\Documents\hsi2ndresearch\Segregated Sentences and Parts\2. Page 5\Document_1\Image_05\C_01_W-01-02-03-04_R1111\Combined\Band_55.png,515,67,uint8,0,255,142.6753007
C:\Users\dell\Documents\hsi2ndresearch\Segregated Sentences and Parts\2. Page 5\Document_1\Image_05\C_01_W-01-02-03-04_R1111\Combined\Band_56.png,515,67,uint8,0,255,142.5043907
C:\Users\dell\Documents\hsi2ndresearch\Segregated Sentences and Parts\2. Page 5\Document_1\Image_05\C_01_W-01-02-03-04_R1111\Combined\Band_57.png,515,67,uint8,0,255,143.067896
C:\Users\dell\Documents\hsi2ndresearch\Segregated Sentences and Parts\2. Page 5\Document_1\Image_05\C_01_W-01-02-03-04_R1111\Combined\Band_58.png,515,67,uint8,0,255,143.3525938
C:\Users\dell\Documents\hsi2ndresearch\Segregated Sentences and Parts\2. Page 5\Document_1\Image_05\C_01_W-01-02-03-04_R1111\Combined\Band_59.png,515,67,uint8,0,255,143.540371
C:\Users\dell\Documents\hsi2ndresearch\Segregated Sentences and Parts\2. Page 5\Document_1\Image_05\C_01_W-01-02-03-04_R1111\Combined\Band_6.png,515,67,uint8,0,255,140.4654036
C:\Users\dell\Documents\hsi2ndresearch\Segregated Sentences and Parts\2. Page 5\Document_1\Image_05\C_01_W-01-02-03-04_R1111\Combined\Band_60.png,515,67,uint8,0,255,143.7127808
C:\Users\dell\Documents\hsi2ndresearch\Segregated Sentences and Parts\2. Page 5\Document_1\Image_05\C_01_W-01-02-03-04_R1111\Combined\Band_61.png,515,67,uint8,0,255,143.8629112
C:\Users\dell\Documents\hsi2ndresearch\Segregated Sentences and Parts\2. Page 5\Document_1\Image_05\C_01_W-01-02-03-04_R1111\Combined\Band_62.png,515,67,uint8,0,255,143.723301
C:\Users\dell\Documents\hsi2ndresearch\Segregated Sentences and Parts\2. Page 5\Document_1\Image_05\C_01_W-01-02-03-04_R1111\Combined\Band_63.png,515,67,uint8,0,255,143.9305753
C:\Users\dell\Documents\hsi2ndresearch\Segregated Sentences and Parts\2. Page 5\Document_1\Image_05\C_01_W-01-02-03-04_R1111\Combined\Band_64.png,515,67,uint8,0,255,143.7185408
C:\Users\dell\Documents\hsi2ndresearch\Segregated Sentences and Parts\2. Page 5\Document_1\Image_05\C_01_W-01-02-03-04_R1111\Combined\Band_65.png,515,67,uint8,0,255,143.9591581
C:\Users\dell\Documents\hsi2ndresearch\Segregated Sentences and Parts\2. Page 5\Document_1\Image_05\C_01_W-01-02-03-04_R1111\Combined\Band_66.png,515,67,uint8,0,255,144.2030793
C:\Users\dell\Documents\hsi2ndresearch\Segregated Sentences and Parts\2. Page 5\Document_1\Image_05\C_01_W-01-02-03-04_R1111\Combined\Band_67.png,515,67,uint8,0,255,144.6250616
C:\Users\dell\Documents\hsi2ndresearch\Segregated Sentences and Parts\2. Page 5\Document_1\Image_05\C_01_W-01-02-03-04_R1111\Combined\Band_68.png,515,67,uint8,0,255,144.5308361
C:\Users\dell\Documents\hsi2ndresearch\Segregated Sentences and Parts\2. Page 5\Document_1\Image_05\C_01_W-01-02-03-04_R1111\Combined\Band_69.png,515,67,uint8,0,255,144.7546515
C:\Users\dell\Documents\hsi2ndresearch\Segregated Sentences and Parts\2. Page 5\Document_1\Image_05\C_01_W-01-02-03-04_R1111\Combined\Band_7.png,515,67,uint8,0,255,141.2377047
C:\Users\dell\Documents\hsi2ndresearch\Segregated Sentences and Parts\2. Page 5\Document_1\Image_05\C_01_W-01-02-03-04_R1111\Combined\Band_70.png,515,67,uint8,0,255,144.9789233
C:\Users\dell\Documents\hsi2ndresearch\Segregated Sentences and Parts\2. Page 5\Document_1\Image_05\C_01_W-01-02-03-04_R1111\Combined\Band_71.png,515,67,uint8,0,255,144.975989
C:\Users\dell\Documents\hsi2ndresearch\Segregated Sentences and Parts\2. Page 5\Document_1\Image_05\C_01_W-01-02-03-04_R1111\Combined\Band_72.png,515,67,uint8,0,255,145.0088755
C:\Users\dell\Documents\hsi2ndresearch\Segregated Sentences and Parts\2. Page 5\Document_1\Image_05\C_01_W-01-02-03-04_R1111\Combined\Band_73.png,515,67,uint8,0,255,145.1781988
C:\Users\dell\Documents\hsi2ndresearch\Segregated Sentences and Parts\2. Page 5\Document_1\Image_05\C_01_W-01-02-03-04_R1111\Combined\Band_74.png,515,67,uint8,0,255,145.5028909
C:\Users\dell\Documents\hsi2ndresearch\Segregated Sentences and Parts\2. Page 5\Document_1\Image_05\C_01_W-01-02-03-04_R1111\Combined\Band_75.png,515,67,uint8,0,255,145.5165411
C:\Users\dell\Documents\hsi2ndresearch\Segregated Sentences and Parts\2. Page 5\Document_1\Image_05\C_01_W-01-02-03-04_R1111\Combined\Band_76.png,515,67,uint8,0,255,145.5051732
C:\Users\dell\Documents\hsi2ndresearch\Segregated Sentences and Parts\2. Page 5\Document_1\Image_05\C_01_W-01-02-03-04_R1111\Combined\Band_77.png,515,67,uint8,0,255,145.8406028
C:\Users\dell\Documents\hsi2ndresearch\Segregated Sentences and Parts\2. Page 5\Document_1\Image_05\C_01_W-01-02-03-04_R1111\Combined\Band_78.png,515,67,uint8,0,255,146.0068613
C:\Users\dell\Documents\hsi2ndresearch\Segregated Sentences and Parts\2. Page 5\Document_1\Image_05\C_01_W-01-02-03-04_R1111\Combined\Band_79.png,515,67,uint8,0,255,146.1484712
C:\Users\dell\Documents\hsi2ndresearch\Segregated Sentences and Parts\2. Page 5\Document_1\Image_05\C_01_W-01-02-03-04_R1111\Combined\Band_8.png,515,67,uint8,0,255,140.0844805
C:\Users\dell\Documents\hsi2ndresearch\Segregated Sentences and Parts\2. Page 5\Document_1\Image_05\C_01_W-01-02-03-04_R1111\Combined\Band_80.png,515,67,uint8,0,255,146.2001159
C:\Users\dell\Documents\hsi2ndresearch\Segregated Sentences and Parts\2. Page 5\Document_1\Image_05\C_01_W-01-02-03-04_R1111\Combined\Band_81.png,515,67,uint8,0,255,146.2365454
C:\Users\dell\Documents\hsi2ndresearch\Segregated Sentences and Parts\2. Page 5\Document_1\Image_05\C_01_W-01-02-03-04_R1111\Combined\Band_82.png,515,67,uint8,0,255,146.3044269
C:\Users\dell\Documents\hsi2ndresearch\Segregated Sentences and Parts\2. Page 5\Document_1\Image_05\C_01_W-01-02-03-04_R1111\Combined\Band_83.png,515,67,uint8,0,255,146.3581582
C:\Users\dell\Documents\hsi2ndresearch\Segregated Sentences and Parts\2. Page 5\Document_1\Image_05\C_01_W-01-02-03-04_R1111\Combined\Band_84.png,515,67,uint8,0,255,146.5345892
C:\Users\dell\Documents\hsi2ndresearch\Segregated Sentences and Parts\2. Page 5\Document_1\Image_05\C_01_W-01-02-03-04_R1111\Combined\Band_85.png,515,67,uint8,0,255,146.5202652
C:\Users\dell\Documents\hsi2ndresearch\Segregated Sentences and Parts\2. Page 5\Document_1\Image_05\C_01_W-01-02-03-04_R1111\Combined\Band_86.png,515,67,uint8,0,255,146.6225764
C:\Users\dell\Documents\hsi2ndresearch\Segregated Sentences and Parts\2. Page 5\Document_1\Image_05\C_01_W-01-02-03-04_R1111\Combined\Band_87.png,515,67,uint8,0,255,146.5939936
C:\Users\dell\Documents\hsi2ndresearch\Segregated Sentences and Parts\2. Page 5\Document_1\Image_05\C_01_W-01-02-03-04_R1111\Combined\Band_88.png,515,67,uint8,0,255,146.6392045
C:\Users\dell\Documents\hsi2ndresearch\Segregated Sentences and Parts\2. Page 5\Document_1\Image_05\C_01_W-01-02-03-04_R1111\Combined\Band_89.png,515,67,uint8,0,255,146.6564846
C:\Users\dell\Documents\hsi2ndresearch\Segregated Sentences and Parts\2. Page 5\Document_1\Image_05\C_01_W-01-02-03-04_R1111\Combined\Band_9.png,515,67,uint8,0,255,140.0725257
C:\Users\dell\Documents\hsi2ndresearch\Segregated Sentences and Parts\2. Page 5\Document_1\Image_05\C_01_W-01-02-03-04_R1111\Combined\Band_90.png,515,67,uint8,0,255,146.6292494
C:\Users\dell\Documents\hsi2ndresearch\Segregated Sentences and Parts\2. Page 5\Document_1\Image_05\C_01_W-01-02-03-04_R1111\Combined\Band_91.png,515,67,uint8,0,255,146.6236198
C:\Users\dell\Documents\hsi2ndresearch\Segregated Sentences and Parts\2. Page 5\Document_1\Image_05\C_01_W-01-02-03-04_R1111\Combined\Band_92.png,515,67,uint8,0,255,146.624424
C:\Users\dell\Documents\hsi2ndresearch\Segregated Sentences and Parts\2. Page 5\Document_1\Image_05\C_01_W-01-02-03-04_R1111\Combined\Band_93.png,515,67,uint8,0,255,146.7429503
C:\Users\dell\Documents\hsi2ndresearch\Segregated Sentences and Parts\2. Page 5\Document_1\Image_05\C_01_W-01-02-03-04_R1111\Combined\Band_94.png,515,67,uint8,0,255,146.8378931
C:\Users\dell\Documents\hsi2ndresearch\Segregated Sentences and Parts\2. Page 5\Document_1\Image_05\C_01_W-01-02-03-04_R1111\Combined\Band_95.png,515,67,uint8,0,255,146.8606289
C:\Users\dell\Documents\hsi2ndresearch\Segregated Sentences and Parts\2. Page 5\Document_1\Image_05\C_01_W-01-02-03-04_R1111\Combined\Band_96.png,515,67,uint8,0,255,146.8646935
C:\Users\dell\Documents\hsi2ndresearch\Segregated Sentences and Parts\2. Page 5\Document_1\Image_05\C_01_W-01-02-03-04_R1111\Combined\Band_97.png,515,67,uint8,0,255,146.8758658
C:\Users\dell\Documents\hsi2ndresearch\Segregated Sentences and Parts\2. Page 5\Document_1\Image_05\C_01_W-01-02-03-04_R1111\Combined\Band_98.png,515,67,uint8,0,255,146.869758
C:\Users\dell\Documents\hsi2ndresearch\Segregated Sentences and Parts\2. Page 5\Document_1\Image_05\C_01_W-01-02-03-04_R1111\Combined\Band_99.png,515,67,uint8,0,255,146.9074699
C:\Users\dell\Documents\hsi2ndresearch\Segregated Sentences and Parts\2. Page 5\Document_1\Image_05\C_01_W-01-02-03-04_R1111\Writer_00\Band_1.png,515,240,uint8,0,255,101.883659
C:\Users\dell\Documents\hsi2ndresearch\Segregated Sentences and Parts\2. Page 5\Document_1\Image_05\C_01_W-01-02-03-04_R1111\Writer_00\Band_10.png,515,240,uint8,0,255,103.19375
C:\Users\dell\Documents\hsi2ndresearch\Segregated Sentences and Parts\2. Page 5\Document_1\Image_05\C_01_W-01-02-03-04_R1111\Writer_00\Band_100.png,515,240,uint8,0,255,110.2575546
C:\Users\dell\Documents\hsi2ndresearch\Segregated Sentences and Parts\2. Page 5\Document_1\Image_05\C_01_W-01-02-03-04_R1111\Writer_00\Band_101.png,515,240,uint8,0,255,110.2618932
C:\Users\dell\Documents\hsi2ndresearch\Segregated Sentences and Parts\2. Page 5\Document_1\Image_05\C_01_W-01-02-03-04_R1111\Writer_00\Band_102.png,515,240,uint8,0,255,110.2796845
C:\Users\dell\Documents\hsi2ndresearch\Segregated Sentences and Parts\2. Page 5\Document_1\Image_05\C_01_W-01-02-03-04_R1111\Writer_00\Band_103.png,515,240,uint8,0,255,110.1693143
C:\Users\dell\Documents\hsi2ndresearch\Segregated Sentences and Parts\2. Page 5\Document_1\Image_05\C_01_W-01-02-03-04_R1111\Writer_00\Band_104.png,515,240,uint8,0,255,110.1173968
C:\Users\dell\Documents\hsi2ndresearch\Segregated Sentences and Parts\2. Page 5\Document_1\Image_05\C_01_W-01-02-03-04_R1111\Writer_00\Band_105.png,515,240,uint8,0,255,110.0903519
C:\Users\dell\Documents\hsi2ndresearch\Segregated Sentences and Parts\2. Page 5\Document_1\Image_05\C_01_W-01-02-03-04_R1111\Writer_00\Band_106.png,515,240,uint8,0,255,110.0821481
C:\Users\dell\Documents\hsi2ndresearch\Segregated Sentences and Parts\2. Page 5\Document_1\Image_05\C_01_W-01-02-03-04_R1111\Writer_00\Band_107.png,515,240,uint8,0,255,110.0601942
C:\Users\dell\Documents\hsi2ndresearch\Segregated Sentences and Parts\2. Page 5\Document_1\Image_05\C_01_W-01-02-03-04_R1111\Writer_00\Band_108.png,515,240,uint8,0,255,110.0228277
C:\Users\dell\Documents\hsi2ndresearch\Segregated Sentences and Parts\2. Page 5\Document_1\Image_05\C_01_W-01-02-03-04_R1111\Writer_00\Band_109.png,515,240,uint8,0,255,110.0137015
C:\Users\dell\Documents\hsi2ndresearch\Segregated Sentences and Parts\2. Page 5\Document_1\Image_05\C_01_W-01-02-03-04_R1111\Writer_00\Band_11.png,515,240,uint8,0,255,103.0753337
C:\Users\dell\Documents\hsi2ndresearch\Segregated Sentences and Parts\2. Page 5\Document_1\Image_05\C_01_W-01-02-03-04_R1111\Writer_00\Band_110.png,515,240,uint8,0,255,110.0075789
C:\Users\dell\Documents\hsi2ndresearch\Segregated Sentences and Parts\2. Page 5\Document_1\Image_05\C_01_W-01-02-03-04_R1111\Writer_00\Band_111.png,515,240,uint8,0,255,109.9970146
C:\Users\dell\Documents\hsi2ndresearch\Segregated Sentences and Parts\2. Page 5\Document_1\Image_05\C_01_W-01-02-03-04_R1111\Writer_00\Band_112.png,515,240,uint8,0,255,110.0219842
C:\Users\dell\Documents\hsi2ndresearch\Segregated Sentences and Parts\2. Page 5\Document_1\Image_05\C_01_W-01-02-03-04_R1111\Writer_00\Band_113.png,515,240,uint8,0,255,110.0367172
C:\Users\dell\Documents\hsi2ndresearch\Segregated Sentences and Parts\2. Page 5\Document_1\Image_05\C_01_W-01-02-03-04_R1111\Writer_00\Band_114.png,515,240,uint8,0,255,110.0523847
C:\Users\dell\Documents\hsi2ndresearch\Segregated Sentences and Parts\2. Page 5\Document_1\Image_05\C_01_W-01-02-03-04_R1111\Writer_00\Band_115.png,515,240,uint8,0,255,110.0928883
C:\Users\dell\Documents\hsi2ndresearch\Segregated Sentences and Parts\2. Page 5\Document_1\Image_05\C_01_W-01-02-03-04_R1111\Writer_00\Band_116.png,515,240,uint8,0,255,110.1321056
C:\Users\dell\Documents\hsi2ndresearch\Segregated Sentences and Parts\2. Page 5\Document_1\Image_05\C_01_W-01-02-03-04_R1111\Writer_00\Band_117.png,515,240,uint8,0,255,109.9424575
C:\Users\dell\Documents\hsi2ndresearch\Segregated Sentences and Parts\2. Page 5\Document_1\Image_05\C_01_W-01-02-03-04_R1111\Writer_00\Band_118.png,515,240,uint8,0,255,109.7857403
C:\Users\dell\Documents\hsi2ndresearch\Segregated Sentences and Parts\2. Page 5\Document_1\Image_05\C_01_W-01-02-03-04_R1111\Writer_00\Band_119.png,515,240,uint8,0,255,109.8125728
C:\Users\dell\Documents\hsi2ndresearch\Segregated Sentences and Parts\2. Page 5\Document_1\Image_05\C_01_W-01-02-03-04_R1111\Writer_00\Band_12.png,515,240,uint8,0,255,101.9412682
C:\Users\dell\Documents\hsi2ndresearch\Segregated Sentences and Parts\2. Page 5\Document_1\Image_05\C_01_W-01-02-03-04_R1111\Writer_00\Band_120.png,515,240,uint8,0,255,109.8286711
C:\Users\dell\Documents\hsi2ndresearch\Segregated Sentences and Parts\2. Page 5\Document_1\Image_05\C_01_W-01-02-03-04_R1111\Writer_00\Band_121.png,515,240,uint8,0,255,109.9756007
C:\Users\dell\Documents\hsi2ndresearch\Segregated Sentences and Parts\2. Page 5\Document_1\Image_05\C_01_W-01-02-03-04_R1111\Writer_00\Band_122.png,515,240,uint8,0,255,110.1355158
C:\Users\dell\Documents\hsi2ndresearch\Segregated Sentences and Parts\2. Page 5\Document_1\Image_05\C_01_W-01-02-03-04_R1111\Writer_00\Band_123.png,515,240,uint8,0,255,110.1101214
C:\Users\dell\Documents\hsi2ndresearch\Segregated Sentences and Parts\2. Page 5\Document_1\Image_05\C_01_W-01-02-03-04_R1111\Writer_00\Band_124.png,515,240,uint8,0,255,110.0920024
C:\Users\dell\Documents\hsi2ndresearch\Segregated Sentences and Parts\2. Page 5\Document_1\Image_05\C_01_W-01-02-03-04_R1111\Writer_00\Band_125.png,515,240,uint8,0,255,110.1449211
C:\Users\dell\Documents\hsi2ndresearch\Segregated Sentences and Parts\2. Page 5\Document_1\Image_05\C_01_W-01-02-03-04_R1111\Writer_00\Band_126.png,515,240,uint8,0,255,110.0970874
C:\Users\dell\Documents\hsi2ndresearch\Segregated Sentences and Parts\2. Page 5\Document_1\Image_05\C_01_W-01-02-03-04_R1111\Writer_00\Band_127.png,515,240,uint8,0,255,109.9106796
C:\Users\dell\Documents\hsi2ndresearch\Segregated Sentences and Parts\2. Page 5\Document_1\Image_05\C_01_W-01-02-03-04_R1111\Writer_00\Band_128.png,515,240,uint8,0,255,109.8652973
C:\Users\dell\Documents\hsi2ndresearch\Segregated Sentences and Parts\2. Page 5\Document_1\Image_05\C_01_W-01-02-03-04_R1111\Writer_00\Band_129.png,515,240,uint8,0,255,109.8976396
C:\Users\dell\Documents\hsi2ndresearch\Segregated Sentences and Parts\2. Page 5\Document_1\Image_05\C_01_W-01-02-03-04_R1111\Writer_00\Band_13.png,515,240,uint8,0,255,101.6301881
C:\Users\dell\Documents\hsi2ndresearch\Segregated Sentences and Parts\2. Page 5\Document_1\Image_05\C_01_W-01-02-03-04_R1111\Writer_00\Band_130.png,515,240,uint8,0,255,109.9255279
C:\Users\dell\Documents\hsi2ndresearch\Segregated Sentences and Parts\2. Page 5\Document_1\Image_05\C_01_W-01-02-03-04_R1111\Writer_00\Band_131.png,515,240,uint8,0,255,109.8916262
C:\Users\dell\Documents\hsi2ndresearch\Segregated Sentences and Parts\2. Page 5\Document_1\Image_05\C_01_W-01-02-03-04_R1111\Writer_00\Band_132.png,515,240,uint8,0,255,109.830449
C:\Users\dell\Documents\hsi2ndresearch\Segregated Sentences and Parts\2. Page 5\Document_1\Image_05\C_01_W-01-02-03-04_R1111\Writer_00\Band_133.png,515,240,uint8,0,255,109.7566141
C:\Users\dell\Documents\hsi2ndresearch\Segregated Sentences and Parts\2. Page 5\Document_1\Image_05\C_01_W-01-02-03-04_R1111\Writer_00\Band_134.png,515,240,uint8,0,255,109.7306978
C:\Users\dell\Documents\hsi2ndresearch\Segregated Sentences and Parts\2. Page 5\Document_1\Image_05\C_01_W-01-02-03-04_R1111\Writer_00\Band_135.png,515,240,uint8,0,255,109.8143325
C:\Users\dell\Documents\hsi2ndresearch\Segregated Sentences and Parts\2. Page 5\Document_1\Image_05\C_01_W-01-02-03-04_R1111\Writer_00\Band_136.png,515,240,uint8,0,255,109.9521602
C:\Users\dell\Documents\hsi2ndresearch\Segregated Sentences and Parts\2. Page 5\Document_1\Image_05\C_01_W-01-02-03-04_R1111\Writer_00\Band_137.png,515,240,uint8,0,255,110.0590473
C:\Users\dell\Documents\hsi2ndresearch\Segregated Sentences and Parts\2. Page 5\Document_1\Image_05\C_01_W-01-02-03-04_R1111\Writer_00\Band_138.png,515,240,uint8,0,255,110.042415
C:\Users\dell\Documents\hsi2ndresearch\Segregated Sentences and Parts\2. Page 5\Document_1\Image_05\C_01_W-01-02-03-04_R1111\Writer_00\Band_139.png,515,240,uint8,0,255,110.091432
C:\Users\dell\Documents\hsi2ndresearch\Segregated Sentences and Parts\2. Page 5\Document_1\Image_05\C_01_W-01-02-03-04_R1111\Writer_00\Band_14.png,515,240,uint8,0,255,100.6984405
C:\Users\dell\Documents\hsi2ndresearch\Segregated Sentences and Parts\2. Page 5\Document_1\Image_05\C_01_W-01-02-03-04_R1111\Writer_00\Band_140.png,515,240,uint8,0,255,109.9229976
C:\Users\dell\Documents\hsi2ndresearch\Segregated Sentences and Parts\2. Page 5\Document_1\Image_05\C_01_W-01-02-03-04_R1111\Writer_00\Band_141.png,515,240,uint8,0,255,109.8370024
C:\Users\dell\Documents\hsi2ndresearch\Segregated Sentences and Parts\2. Page 5\Document_1\Image_05\C_01_W-01-02-03-04_R1111\Writer_00\Band_142.png,515,240,uint8,0,255,109.8943689
C:\Users\dell\Documents\hsi2ndresearch\Segregated Sentences and Parts\2. Page 5\Document_1\Image_05\C_01_W-01-02-03-04_R1111\Writer_00\Band_143.png,515,240,uint8,0,255,110.0272209
C:\Users\dell\Documents\hsi2ndresearch\Segregated Sentences and Parts\2. Page 5\Document_1\Image_05\C_01_W-01-02-03-04_R1111\Writer_00\Band_144.png,515,240,uint8,0,255,110.1130825
C:\Users\dell\Documents\hsi2ndresearch\Segregated Sentences and Parts\2. Page 5\Document_1\Image_05\C_01_W-01-02-03-04_R1111\Writer_00\Band_145.png,515,240,uint8,0,255,110.0839927
C:\Users\dell\Documents\hsi2ndresearch\Segregated Sentences and Parts\2. Page 5\Document_1\Image_05\C_01_W-01-02-03-04_R1111\Writer_00\Band_146.png,515,240,uint8,0,255,109.8094842
C:\Users\dell\Documents\hsi2ndresearch\Segregated Sentences and Parts\2. Page 5\Document_1\Image_05\C_01_W-01-02-03-04_R1111\Writer_00\Band_147.png,515,240,uint8,0,255,109.6445328
C:\Users\dell\Documents\hsi2ndresearch\Segregated Sentences and Parts\2. Page 5\Document_1\Image_05\C_01_W-01-02-03-04_R1111\Writer_00\Band_148.png,515,240,uint8,0,255,109.5732706
C:\Users\dell\Documents\hsi2ndresearch\Segregated Sentences and Parts\2. Page 5\Document_1\Image_05\C_01_W-01-02-03-04_R1111\Writer_00\Band_149.png,515,240,uint8,0,255,109.5877488
C:\Users\dell\Documents\hsi2ndresearch\Segregated Sentences and Parts\2. Page 5\Document_1\Image_05\C_01_W-01-02-03-04_R1111\Writer_00\Band_15.png,515,240,uint8,0,255,101.4625121
C:\Users\dell\Documents\hsi2ndresearch\Segregated Sentences and Parts\2. Page 5\Document_1\Image_05\C_01_W-01-02-03-04_R1111\Writer_00\Band_16.png,515,240,uint8,0,255,101.8229612
C:\Users\dell\Documents\hsi2ndresearch\Segregated Sentences and Parts\2. Page 5\Document_1\Image_05\C_01_W-01-02-03-04_R1111\Writer_00\Band_17.png,515,240,uint8,0,255,101.6405704
C:\Users\dell\Documents\hsi2ndresearch\Segregated Sentences and Parts\2. Page 5\Document_1\Image_05\C_01_W-01-02-03-04_R1111\Writer_00\Band_18.png,515,240,uint8,0,255,102.4556796
C:\Users\dell\Documents\hsi2ndresearch\Segregated Sentences and Parts\2. Page 5\Document_1\Image_05\C_01_W-01-02-03-04_R1111\Writer_00\Band_19.png,515,240,uint8,0,255,102.2503701
C:\Users\dell\Documents\hsi2ndresearch\Segregated Sentences and Parts\2. Page 5\Document_1\Image_05\C_01_W-01-02-03-04_R1111\Writer_00\Band_2.png,515,240,uint8,0,255,102.4736044
C:\Users\dell\Documents\hsi2ndresearch\Segregated Sentences and Parts\2. Page 5\Document_1\Image_05\C_01_W-01-02-03-04_R1111\Writer_00\Band_20.png,515,240,uint8,0,255,102.8807464
C:\Users\dell\Documents\hsi2ndresearch\Segregated Sentences and Parts\2. Page 5\Document_1\Image_05\C_01_W-01-02-03-04_R1111\Writer_00\Band_21.png,515,240,uint8,0,255,103.4876456
C:\Users\dell\Documents\hsi2ndresearch\Segregated Sentences and Parts\2. Page 5\Document_1\Image_05\C_01_W-01-02-03-04_R1111\Writer_00\Band_22.png,515,240,uint8,0,255,104.3105947
C:\Users\dell\Documents\hsi2ndresearch\Segregated Sentences and Parts\2. Page 5\Document_1\Image_05\C_01_W-01-02-03-04_R1111\Writer_00\Band_23.png,515,240,uint8,0,255,104.5001214
C:\Users\dell\Documents\hsi2ndresearch\Segregated Sentences and Parts\2. Page 5\Document_1\Image_05\C_01_W-01-02-03-04_R1111\Writer_00\Band_24.png,515,240,uint8,0,255,104.5951638
C:\Users\dell\Documents\hsi2ndresearch\Segregated Sentences and Parts\2. Page 5\Document_1\Image_05\C_01_W-01-02-03-04_R1111\Writer_00\Band_25.png,515,240,uint8,0,255,104.8321299
C:\Users\dell\Documents\hsi2ndresearch\Segregated Sentences and Parts\2. Page 5\Document_1\Image_05\C_01_W-01-02-03-04_R1111\Writer_00\Band_26.png,515,240,uint8,0,255,104.8040898
C:\Users\dell\Documents\hsi2ndresearch\Segregated Sentences and Parts\2. Page 5\Document_1\Image_05\C_01_W-01-02-03-04_R1111\Writer_00\Band_27.png,515,240,uint8,0,255,104.2578095
C:\Users\dell\Documents\hsi2ndresearch\Segregated Sentences and Parts\2. Page 5\Document_1\Image_05\C_01_W-01-02-03-04_R1111\Writer_00\Band_28.png,515,240,uint8,0,255,104.106074
C:\Users\dell\Documents\hsi2ndresearch\Segregated Sentences and Parts\2. Page 5\Document_1\Image_05\C_01_W-01-02-03-04_R1111\Writer_00\Band_29.png,515,240,uint8,0,255,104.5475243
C:\Users\dell\Documents\hsi2ndresearch\Segregated Sentences and Parts\2. Page 5\Document_1\Image_05\C_01_W-01-02-03-04_R1111\Writer_00\Band_3.png,515,240,uint8,0,255,103.6616201
C:\Users\dell\Documents\hsi2ndresearch\Segregated Sentences and Parts\2. Page 5\Document_1\Image_05\C_01_W-01-02-03-04_R1111\Writer_00\Band_30.png,515,240,uint8,0,255,104.5843629
C:\Users\dell\Documents\hsi2ndresearch\Segregated Sentences and Parts\2. Page 5\Document_1\Image_05\C_01_W-01-02-03-04_R1111\Writer_00\Band_31.png,515,240,uint8,0,255,104.2763592
C:\Users\dell\Documents\hsi2ndresearch\Segregated Sentences and Parts\2. Page 5\Document_1\Image_05\C_01_W-01-02-03-04_R1111\Writer_00\Band_32.png,515,240,uint8,0,255,103.7998058
C:\Users\dell\Documents\hsi2ndresearch\Segregated Sentences and Parts\2. Page 5\Document_1\Image_05\C_01_W-01-02-03-04_R1111\Writer_00\Band_33.png,515,240,uint8,0,255,103.855182
C:\Users\dell\Documents\hsi2ndresearch\Segregated Sentences and Parts\2. Page 5\Document_1\Image_05\C_01_W-01-02-03-04_R1111\Writer_00\Band_34.png,515,240,uint8,0,255,103.8944053
C:\Users\dell\Documents\hsi2ndresearch\Segregated Sentences and Parts\2. Page 5\Document_1\Image_05\C_01_W-01-02-03-04_R1111\Writer_00\Band_35.png,515,240,uint8,0,255,104.5429854
C:\Users\dell\Documents\hsi2ndresearch\Segregated Sentences and Parts\2. Page 5\Document_1\Image_05\C_01_W-01-02-03-04_R1111\Writer_00\Band_36.png,515,240,uint8,0,255,105.1860194
C:\Users\dell\Documents\hsi2ndresearch\Segregated Sentences and Parts\2. Page 5\Document_1\Image_05\C_01_W-01-02-03-04_R1111\Writer_00\Band_37.png,515,240,uint8,0,255,105.3740413
C:\Users\dell\Documents\hsi2ndresearch\Segregated Sentences and Parts\2. Page 5\Document_1\Image_05\C_01_W-01-02-03-04_R1111\Writer_00\Band_38.png,515,240,uint8,0,255,105.0889017
C:\Users\dell\Documents\hsi2ndresearch\Segregated Sentences and Parts\2. Page 5\Document_1\Image_05\C_01_W-01-02-03-04_R1111\Writer_00\Band_39.png,515,240,uint8,0,255,104.6582949
C:\Users\dell\Documents\hsi2ndresearch\Segregated Sentences and Parts\2. Page 5\Document_1\Image_05\C_01_W-01-02-03-04_R1111\Writer_00\Band_4.png,515,240,uint8,0,255,103.0462318
C:\Users\dell\Documents\hsi2ndresearch\Segregated Sentences and Parts\2. Page 5\Document_1\Image_05\C_01_W-01-02-03-04_R1111\Writer_00\Band_40.png,515,240,uint8,0,255,105.0737379
C:\Users\dell\Documents\hsi2ndresearch\Segregated Sentences and Parts\2. Page 5\Document_1\Image_05\C_01_W-01-02-03-04_R1111\Writer_00\Band_41.png,515,240,uint8,0,255,105.330085
C:\Users\dell\Documents\hsi2ndresearch\Segregated Sentences and Parts\2. Page 5\Document_1\Image_05\C_01_W-01-02-03-04_R1111\Writer_00\Band_42.png,515,240,uint8,0,255,105.2373968
C:\Users\dell\Documents\hsi2ndresearch\Segregated Sentences and Parts\2. Page 5\Document_1\Image_05\C_01_W-01-02-03-04_R1111\Writer_00\Band_43.png,515,240,uint8,0,255,104.8456311
C:\Users\dell\Documents\hsi2ndresearch\Segregated Sentences and Parts\2. Page 5\Document_1\Image_05\C_01_W-01-02-03-04_R1111\Writer_00\Band_44.png,515,240,uint8,0,255,104.3931735
C:\Users\dell\Documents\hsi2ndresearch\Segregated Sentences and Parts\2. Page 5\Document_1\Image_05\C_01_W-01-02-03-04_R1111\Writer_00\Band_45.png,515,240,uint8,0,255,104.452409
C:\Users\dell\Documents\hsi2ndresearch\Segregated Sentences and Parts\2. Page 5\Document_1\Image_05\C_01_W-01-02-03-04_R1111\Writer_00\Band_46.png,515,240,uint8,0,255,105.0149393
C:\Users\dell\Documents\hsi2ndresearch\Segregated Sentences and Parts\2. Page 5\Document_1\Image_05\C_01_W-01-02-03-04_R1111\Writer_00\Band_47.png,515,240,uint8,0,255,105.4887075
C:\Users\dell\Documents\hsi2ndresearch\Segregated Sentences and Parts\2. Page 5\Document_1\Image_05\C_01_W-01-02-03-04_R1111\Writer_00\Band_48.png,515,240,uint8,0,255,105.4541869
C:\Users\dell\Documents\hsi2ndresearch\Segregated Sentences and Parts\2. Page 5\Document_1\Image_05\C_01_W-01-02-03-04_R1111\Writer_00\Band_49.png,515,240,uint8,0,255,105.2647209
C:\Users\dell\Documents\hsi2ndresearch\Segregated Sentences and Parts\2. Page 5\Document_1\Image_05\C_01_W-01-02-03-04_R1111\Writer_00\Band_5.png,515,240,uint8,0,255,102.5892476
C:\Users\dell\Documents\hsi2ndresearch\Segregated Sentences and Parts\2. Page 5\Document_1\Image_05\C_01_W-01-02-03-04_R1111\Writer_00\Band_50.png,515,240,uint8,0,255,105.6870328
C:\Users\dell\Documents\hsi2ndresearch\Segregated Sentences and Parts\2. Page 5\Document_1\Image_05\C_01_W-01-02-03-04_R1111\Writer_00\Band_51.png,515,240,uint8,0,255,106.0741019
C:\Users\dell\Documents\hsi2ndresearch\Segregated Sentences and Parts\2. Page 5\Document_1\Image_05\C_01_W-01-02-03-04_R1111\Writer_00\Band_52.png,515,240,uint8,0,255,106.1490959
C:\Users\dell\Documents\hsi2ndresearch\Segregated Sentences and Parts\2. Page 5\Document_1\Image_05\C_01_W-01-02-03-04_R1111\Writer_00\Band_53.png,515,240,uint8,0,255,105.5937075
C:\Users\dell\Documents\hsi2ndresearch\Segregated Sentences and Parts\2. Page 5\Document_1\Image_05\C_01_W-01-02-03-04_R1111\Writer_00\Band_54.png,515,240,uint8,0,255,105.3421784
C:\Users\dell\Documents\hsi2ndresearch\Segregated Sentences and Parts\2. Page 5\Document_1\Image_05\C_01_W-01-02-03-04_R1111\Writer_00\Band_55.png,515,240,uint8,0,255,106.1416323
C:\Users\dell\Documents\hsi2ndresearch\Segregated Sentences and Parts\2. Page 5\Document_1\Image_05\C_01_W-01-02-03-04_R1111\Writer_00\Band_56.png,515,240,uint8,0,255,105.667767
C:\Users\dell\Documents\hsi2ndresearch\Segregated Sentences and Parts\2. Page 5\Document_1\Image_05\C_01_W-01-02-03-04_R1111\Writer_00\Band_57.png,515,240,uint8,0,255,105.7509587
C:\Users\dell\Documents\hsi2ndresearch\Segregated Sentences and Parts\2. Page 5\Document_1\Image_05\C_01_W-01-02-03-04_R1111\Writer_00\Band_58.png,515,240,uint8,0,255,106.0658313
C:\Users\dell\Documents\hsi2ndresearch\Segregated Sentences and Parts\2. Page 5\Document_1\Image_05\C_01_W-01-02-03-04_R1111\Writer_00\Band_59.png,515,240,uint8,0,255,106.2721359
C:\Users\dell\Documents\hsi2ndresearch\Segregated Sentences and Parts\2. Page 5\Document_1\Image_05\C_01_W-01-02-03-04_R1111\Writer_00\Band_6.png,515,240,uint8,0,255,103.3480825
C:\Users\dell\Documents\hsi2ndresearch\Segregated Sentences and Parts\2. Page 5\Document_1\Image_05\C_01_W-01-02-03-04_R1111\Writer_00\Band_60.png,515,240,uint8,0,255,106.4627488
C:\Users\dell\Documents\hsi2ndresearch\Segregated Sentences and Parts\2. Page 5\Document_1\Image_05\C_01_W-01-02-03-04_R1111\Writer_00\Band_61.png,515,240,uint8,0,255,106.6173119
C:\Users\dell\Documents\hsi2ndresearch\Segregated Sentences and Parts\2. Page 5\Document_1\Image_05\C_01_W-01-02-03-04_R1111\Writer_00\Band_62.png,515,240,uint8,0,255,106.4699939
C:\Users\dell\Documents\hsi2ndresearch\Segregated Sentences and Parts\2. Page 5\Document_1\Image_05\C_01_W-01-02-03-04_R1111\Writer_00\Band_63.png,515,240,uint8,0,255,106.6619296
C:\Users\dell\Documents\hsi2ndresearch\Segregated Sentences and Parts\2. Page 5\Document_1\Image_05\C_01_W-01-02-03-04_R1111\Writer_00\Band_64.png,515,240,uint8,0,255,106.8396723
C:\Users\dell\Documents\hsi2ndresearch\Segregated Sentences and Parts\2. Page 5\Document_1\Image_05\C_01_W-01-02-03-04_R1111\Writer_00\Band_65.png,515,240,uint8,0,255,106.6105765
C:\Users\dell\Documents\hsi2ndresearch\Segregated Sentences and Parts\2. Page 5\Document_1\Image_05\C_01_W-01-02-03-04_R1111\Writer_00\Band_66.png,515,240,uint8,0,255,106.8270146
C:\Users\dell\Documents\hsi2ndresearch\Segregated Sentences and Parts\2. Page 5\Document_1\Image_05\C_01_W-01-02-03-04_R1111\Writer_00\Band_67.png,515,240,uint8,0,255,107.2511408
C:\Users\dell\Documents\hsi2ndresearch\Segregated Sentences and Parts\2. Page 5\Document_1\Image_05\C_01_W-01-02-03-04_R1111\Writer_00\Band_68.png,515,240,uint8,0,255,107.1866383
C:\Users\dell\Documents\hsi2ndresearch\Segregated Sentences and Parts\2. Page 5\Document_1\Image_05\C_01_W-01-02-03-04_R1111\Writer_00\Band_69.png,515,240,uint8,0,255,107.4627549
C:\Users\dell\Documents\hsi2ndresearch\Segregated Sentences and Parts\2. Page 5\Document_1\Image_05\C_01_W-01-02-03-04_R1111\Writer_00\Band_7.png,515,240,uint8,0,255,103.988665
C:\Users\dell\Documents\hsi2ndresearch\Segregated Sentences and Parts\2. Page 5\Document_1\Image_05\C_01_W-01-02-03-04_R1111\Writer_00\Band_70.png,515,240,uint8,0,255,107.7060376
C:\Users\dell\Documents\hsi2ndresearch\Segregated Sentences and Parts\2. Page 5\Document_1\Image_05\C_01_W-01-02-03-04_R1111\Writer_00\Band_71.png,515,240,uint8,0,255,107.7164867
C:\Users\dell\Documents\hsi2ndresearch\Segregated Sentences and Parts\2. Page 5\Document_1\Image_05\C_01_W-01-02-03-04_R1111\Writer_00\Band_72.png,515,240,uint8,0,255,107.7566141
C:\Users\dell\Documents\hsi2ndresearch\Segregated Sentences and Parts\2. Page 5\Document_1\Image_05\C_01_W-01-02-03-04_R1111\Writer_00\Band_73.png,515,240,uint8,0,255,107.9375789
C:\Users\dell\Documents\hsi2ndresearch\Segregated Sentences and Parts\2. Page 5\Document_1\Image_05\C_01_W-01-02-03-04_R1111\Writer_00\Band_74.png,515,240,uint8,0,255,108.2994478
C:\Users\dell\Documents\hsi2ndresearch\Segregated Sentences and Parts\2. Page 5\Document_1\Image_05\C_01_W-01-02-03-04_R1111\Writer_00\Band_75.png,515,240,uint8,0,255,108.5887682
C:\Users\dell\Documents\hsi2ndresearch\Segregated Sentences and Parts\2. Page 5\Document_1\Image_05\C_01_W-01-02-03-04_R1111\Writer_00\Band_76.png,515,240,uint8,0,255,108.7245206
C:\Users\dell\Documents\hsi2ndresearch\Segregated Sentences and Parts\2. Page 5\Document_1\Image_05\C_01_W-01-02-03-04_R1111\Writer_00\Band_77.png,515,240,uint8,0,255,108.9302245
C:\Users\dell\Documents\hsi2ndresearch\Segregated Sentences and Parts\2. Page 5\Document_1\Image_05\C_01_W-01-02-03-04_R1111\Writer_00\Band_78.png,515,240,uint8,0,255,108.9031553
C:\Users\dell\Documents\hsi2ndresearch\Segregated Sentences and Parts\2. Page 5\Document_1\Image_05\C_01_W-01-02-03-04_R1111\Writer_00\Band_79.png,515,240,uint8,0,255,109.0799515
C:\Users\dell\Documents\hsi2ndresearch\Segregated Sentences and Parts\2. Page 5\Document_1\Image_05\C_01_W-01-02-03-04_R1111\Writer_00\Band_8.png,515,240,uint8,0,255,102.7565595
C:\Users\dell\Documents\hsi2ndresearch\Segregated Sentences and Parts\2. Page 5\Document_1\Image_05\C_01_W-01-02-03-04_R1111\Writer_00\Band_80.png,515,240,uint8,0,255,109.1474939
C:\Users\dell\Documents\hsi2ndresearch\Segregated Sentences and Parts\2. Page 5\Document_1\Image_05\C_01_W-01-02-03-04_R1111\Writer_00\Band_81.png,515,240,uint8,0,255,109.2039867
C:\Users\dell\Documents\hsi2ndresearch\Segregated Sentences and Parts\2. Page 5\Document_1\Image_05\C_01_W-01-02-03-04_R1111\Writer_00\Band_82.png,515,240,uint8,0,255,109.3072209
C:\Users\dell\Documents\hsi2ndresearch\Segregated Sentences and Parts\2. Page 5\Document_1\Image_05\C_01_W-01-02-03-04_R1111\Writer_00\Band_83.png,515,240,uint8,0,255,109.468659
C:\Users\dell\Documents\hsi2ndresearch\Segregated Sentences and Parts\2. Page 5\Document_1\Image_05\C_01_W-01-02-03-04_R1111\Writer_00\Band_84.png,515,240,uint8,0,255,109.6325243
C:\Users\dell\Documents\hsi2ndresearch\Segregated Sentences and Parts\2. Page 5\Document_1\Image_05\C_01_W-01-02-03-04_R1111\Writer_00\Band_85.png,515,240,uint8,0,255,109.7071359
C:\Users\dell\Documents\hsi2ndresearch\Segregated Sentences and Parts\2. Page 5\Document_1\Image_05\C_01_W-01-02-03-04_R1111\Writer_00\Band_86.png,515,240,uint8,0,255,109.8135194
C:\Users\dell\Documents\hsi2ndresearch\Segregated Sentences and Parts\2. Page 5\Document_1\Image_05\C_01_W-01-02-03-04_R1111\Writer_00\Band_87.png,515,240,uint8,0,255,109.847682
C:\Users\dell\Documents\hsi2ndresearch\Segregated Sentences and Parts\2. Page 5\Document_1\Image_05\C_01_W-01-02-03-04_R1111\Writer_00\Band_88.png,515,240,uint8,0,255,109.8272027
C:\Users\dell\Documents\hsi2ndresearch\Segregated Sentences and Parts\2. Page 5\Document_1\Image_05\C_01_W-01-02-03-04_R1111\Writer_00\Band_89.png,515,240,uint8,0,255,109.8327184
C:\Users\dell\Documents\hsi2ndresearch\Segregated Sentences and Parts\2. Page 5\Document_1\Image_05\C_01_W-01-02-03-04_R1111\Writer_00\Band_9.png,515,240,uint8,0,255,102.7326638
C:\Users\dell\Documents\hsi2ndresearch\Segregated Sentences and Parts\2. Page 5\Document_1\Image_05\C_01_W-01-02-03-04_R1111\Writer_00\Band_90.png,515,240,uint8,0,255,109.7744842
C:\Users\dell\Documents\hsi2ndresearch\Segregated Sentences and Parts\2. Page 5\Document_1\Image_05\C_01_W-01-02-03-04_R1111\Writer_00\Band_91.png,515,240,uint8,0,255,109.7928398
C:\Users\dell\Documents\hsi2ndresearch\Segregated Sentences and Parts\2. Page 5\Document_1\Image_05\C_01_W-01-02-03-04_R1111\Writer_00\Band_92.png,515,240,uint8,0,255,109.809375
C:\Users\dell\Documents\hsi2ndresearch\Segregated Sentences and Parts\2. Page 5\Document_1\Image_05\C_01_W-01-02-03-04_R1111\Writer_00\Band_93.png,515,240,uint8,0,255,109.9425303
C:\Users\dell\Documents\hsi2ndresearch\Segregated Sentences and Parts\2. Page 5\Document_1\Image_05\C_01_W-01-02-03-04_R1111\Writer_00\Band_94.png,515,240,uint8,0,255,110.0449697
C:\Users\dell\Documents\hsi2ndresearch\Segregated Sentences and Parts\2. Page 5\Document_1\Image_05\C_01_W-01-02-03-04_R1111\Writer_00\Band_95.png,515,240,uint8,0,255,110.0900364
C:\Users\dell\Documents\hsi2ndresearch\Segregated Sentences and Parts\2. Page 5\Document_1\Image_05\C_01_W-01-02-03-04_R1111\Writer_00\Band_96.png,515,240,uint8,0,255,110.0979854
C:\Users\dell\Documents\hsi2ndresearch\Segregated Sentences and Parts\2. Page 5\Document_1\Image_05\C_01_W-01-02-03-04_R1111\Writer_00\Band_97.png,515,240,uint8,0,255,110.1140777
C:\Users\dell\Documents\hsi2ndresearch\Segregated Sentences and Parts\2. Page 5\Document_1\Image_05\C_01_W-01-02-03-04_R1111\Writer_00\Band_98.png,515,240,uint8,0,255,110.1042536
C:\Users\dell\Documents\hsi2ndresearch\Segregated Sentences and Parts\2. Page 5\Document_1\Image_05\C_01_W-01-02-03-04_R1111\Writer_00\Band_99.png,515,240,uint8,0,255,110.1942172
C:\Users\dell\Documents\hsi2ndresearch\Segregated Sentences and Parts\2. Page 5\Document_1\Image_05\C_01_W-01-02-03-04_R1111\Writer_01\Band_1.png,515,205,uint8,0,255,109.4430689
C:\Users\dell\Documents\hsi2ndresearch\Segregated Sentences and Parts\2. Page 5\Document_1\Image_05\C_01_W-01-02-03-04_R1111\Writer_01\Band_10.png,515,205,uint8,0,255,111.085219
C:\Users\dell\Documents\hsi2ndresearch\Segregated Sentences and Parts\2. Page 5\Document_1\Image_05\C_01_W-01-02-03-04_R1111\Writer_01\Band_100.png,515,205,uint8,0,255,119.2915084
C:\Users\dell\Documents\hsi2ndresearch\Segregated Sentences and Parts\2. Page 5\Document_1\Image_05\C_01_W-01-02-03-04_R1111\Writer_01\Band_101.png,515,205,uint8,0,255,119.2967653
C:\Users\dell\Documents\hsi2ndresearch\Segregated Sentences and Parts\2. Page 5\Document_1\Image_05\C_01_W-01-02-03-04_R1111\Writer_01\Band_102.png,515,205,uint8,0,255,119.3062491
C:\Users\dell\Documents\hsi2ndresearch\Segregated Sentences and Parts\2. Page 5\Document_1\Image_05\C_01_W-01-02-03-04_R1111\Writer_01\Band_103.png,515,205,uint8,0,255,119.2824438
C:\Users\dell\Documents\hsi2ndresearch\Segregated Sentences and Parts\2. Page 5\Document_1\Image_05\C_01_W-01-02-03-04_R1111\Writer_01\Band_104.png,515,205,uint8,0,255,119.2416244
C:\Users\dell\Documents\hsi2ndresearch\Segregated Sentences and Parts\2. Page 5\Document_1\Image_05\C_01_W-01-02-03-04_R1111\Writer_01\Band_105.png,515,205,uint8,0,255,119.1854108
C:\Users\dell\Documents\hsi2ndresearch\Segregated Sentences and Parts\2. Page 5\Document_1\Image_05\C_01_W-01-02-03-04_R1111\Writer_01\Band_106.png,515,205,uint8,0,255,119.1165877
C:\Users\dell\Documents\hsi2ndresearch\Segregated Sentences and Parts\2. Page 5\Document_1\Image_05\C_01_W-01-02-03-04_R1111\Writer_01\Band_107.png,515,205,uint8,0,255,119.0296922
C:\Users\dell\Documents\hsi2ndresearch\Segregated Sentences and Parts\2. Page 5\Document_1\Image_05\C_01_W-01-02-03-04_R1111\Writer_01\Band_108.png,515,205,uint8,0,255,118.9648402
C:\Users\dell\Documents\hsi2ndresearch\Segregated Sentences and Parts\2. Page 5\Document_1\Image_05\C_01_W-01-02-03-04_R1111\Writer_01\Band_109.png,515,205,uint8,0,255,118.9254629
C:\Users\dell\Documents\hsi2ndresearch\Segregated Sentences and Parts\2. Page 5\Document_1\Image_05\C_01_W-01-02-03-04_R1111\Writer_01\Band_11.png,515,205,uint8,0,255,111.4126261
C:\Users\dell\Documents\hsi2ndresearch\Segregated Sentences and Parts\2. Page 5\Document_1\Image_05\C_01_W-01-02-03-04_R1111\Writer_01\Band_110.png,515,205,uint8,0,255,118.8623088
C:\Users\dell\Documents\hsi2ndresearch\Segregated Sentences and Parts\2. Page 5\Document_1\Image_05\C_01_W-01-02-03-04_R1111\Writer_01\Band_111.png,515,205,uint8,0,255,118.7660715
C:\Users\dell\Documents\hsi2ndresearch\Segregated Sentences and Parts\2. Page 5\Document_1\Image_05\C_01_W-01-02-03-04_R1111\Writer_01\Band_112.png,515,205,uint8,0,255,118.7696448
C:\Users\dell\Documents\hsi2ndresearch\Segregated Sentences and Parts\2. Page 5\Document_1\Image_05\C_01_W-01-02-03-04_R1111\Writer_01\Band_113.png,515,205,uint8,0,255,118.8609946
C:\Users\dell\Documents\hsi2ndresearch\Segregated Sentences and Parts\2. Page 5\Document_1\Image_05\C_01_W-01-02-03-04_R1111\Writer_01\Band_114.png,515,205,uint8,0,255,118.9290007
C:\Users\dell\Documents\hsi2ndresearch\Segregated Sentences and Parts\2. Page 5\Document_1\Image_05\C_01_W-01-02-03-04_R1111\Writer_01\Band_115.png,515,205,uint8,0,255,118.8307885
C:\Users\dell\Documents\hsi2ndresearch\Segregated Sentences and Parts\2. Page 5\Document_1\Image_05\C_01_W-01-02-03-04_R1111\Writer_01\Band_116.png,515,205,uint8,0,255,118.710682
C:\Users\dell\Documents\hsi2ndresearch\Segregated Sentences and Parts\2. Page 5\Document_1\Image_05\C_01_W-01-02-03-04_R1111\Writer_01\Band_117.png,515,205,uint8,0,255,118.7401066
C:\Users\dell\Documents\hsi2ndresearch\Segregated Sentences and Parts\2. Page 5\Document_1\Image_05\C_01_W-01-02-03-04_R1111\Writer_01\Band_118.png,515,205,uint8,0,255,118.6905849
C:\Users\dell\Documents\hsi2ndresearch\Segregated Sentences and Parts\2. Page 5\Document_1\Image_05\C_01_W-01-02-03-04_R1111\Writer_01\Band_119.png,515,205,uint8,0,255,118.9592636
C:\Users\dell\Documents\hsi2ndresearch\Segregated Sentences and Parts\2. Page 5\Document_1\Image_05\C_01_W-01-02-03-04_R1111\Writer_01\Band_12.png,515,205,uint8,0,255,110.5272247
C:\Users\dell\Documents\hsi2ndresearch\Segregated Sentences and Parts\2. Page 5\Document_1\Image_05\C_01_W-01-02-03-04_R1111\Writer_01\Band_120.png,515,205,uint8,0,255,119.123919
C:\Users\dell\Documents\hsi2ndresearch\Segregated Sentences and Parts\2. Page 5\Document_1\Image_05\C_01_W-01-02-03-04_R1111\Writer_01\Band_121.png,515,205,uint8,0,255,119.1174047
C:\Users\dell\Documents\hsi2ndresearch\Segregated Sentences and Parts\2. Page 5\Document_1\Image_05\C_01_W-01-02-03-04_R1111\Writer_01\Band_122.png,515,205,uint8,0,255,119.1072034
C:\Users\dell\Documents\hsi2ndresearch\Segregated Sentences and Parts\2. Page 5\Document_1\Image_05\C_01_W-01-02-03-04_R1111\Writer_01\Band_123.png,515,205,uint8,0,255,119.0987994
C:\Users\dell\Documents\hsi2ndresearch\Segregated Sentences and Parts\2. Page 5\Document_1\Image_05\C_01_W-01-02-03-04_R1111\Writer_01\Band_124.png,515,205,uint8,0,255,119.0951622
C:\Users\dell\Documents\hsi2ndresearch\Segregated Sentences and Parts\2. Page 5\Document_1\Image_05\C_01_W-01-02-03-04_R1111\Writer_01\Band_125.png,515,205,uint8,0,255,119.0977196
C:\Users\dell\Documents\hsi2ndresearch\Segregated Sentences and Parts\2. Page 5\Document_1\Image_05\C_01_W-01-02-03-04_R1111\Writer_01\Band_126.png,515,205,uint8,0,255,119.0882643
C:\Users\dell\Documents\hsi2ndresearch\Segregated Sentences and Parts\2. Page 5\Document_1\Image_05\C_01_W-01-02-03-04_R1111\Writer_01\Band_127.png,515,205,uint8,0,255,119.1441013
C:\Users\dell\Documents\hsi2ndresearch\Segregated Sentences and Parts\2. Page 5\Document_1\Image_05\C_01_W-01-02-03-04_R1111\Writer_01\Band_128.png,515,205,uint8,0,255,119.2050604
C:\Users\dell\Documents\hsi2ndresearch\Segregated Sentences and Parts\2. Page 5\Document_1\Image_05\C_01_W-01-02-03-04_R1111\Writer_01\Band_129.png,515,205,uint8,0,255,119.2020767
C:\Users\dell\Documents\hsi2ndresearch\Segregated Sentences and Parts\2. Page 5\Document_1\Image_05\C_01_W-01-02-03-04_R1111\Writer_01\Band_13.png,515,205,uint8,0,255,110.77695
C:\Users\dell\Documents\hsi2ndresearch\Segregated Sentences and Parts\2. Page 5\Document_1\Image_05\C_01_W-01-02-03-04_R1111\Writer_01\Band_130.png,515,205,uint8,0,255,119.2225503
C:\Users\dell\Documents\hsi2ndresearch\Segregated Sentences and Parts\2. Page 5\Document_1\Image_05\C_01_W-01-02-03-04_R1111\Writer_01\Band_131.png,515,205,uint8,0,255,119.0861544
C:\Users\dell\Documents\hsi2ndresearch\Segregated Sentences and Parts\2. Page 5\Document_1\Image_05\C_01_W-01-02-03-04_R1111\Writer_01\Band_132.png,515,205,uint8,0,255,119.0741842
C:\Users\dell\Documents\hsi2ndresearch\Segregated Sentences and Parts\2. Page 5\Document_1\Image_05\C_01_W-01-02-03-04_R1111\Writer_01\Band_133.png,515,205,uint8,0,255,119.1009093
C:\Users\dell\Documents\hsi2ndresearch\Segregated Sentences and Parts\2. Page 5\Document_1\Image_05\C_01_W-01-02-03-04_R1111\Writer_01\Band_134.png,515,205,uint8,0,255,119.0638551
C:\Users\dell\Documents\hsi2ndresearch\Segregated Sentences and Parts\2. Page 5\Document_1\Image_05\C_01_W-01-02-03-04_R1111\Writer_01\Band_135.png,515,205,uint8,0,255,119.252252
C:\Users\dell\Documents\hsi2ndresearch\Segregated Sentences and Parts\2. Page 5\Document_1\Image_05\C_01_W-01-02-03-04_R1111\Writer_01\Band_136.png,515,205,uint8,0,255,119.223076
C:\Users\dell\Documents\hsi2ndresearch\Segregated Sentences and Parts\2. Page 5\Document_1\Image_05\C_01_W-01-02-03-04_R1111\Writer_01\Band_137.png,515,205,uint8,0,255,119.1920886
C:\Users\dell\Documents\hsi2ndresearch\Segregated Sentences and Parts\2. Page 5\Document_1\Image_05\C_01_W-01-02-03-04_R1111\Writer_01\Band_138.png,515,205,uint8,0,255,119.176062
C:\Users\dell\Documents\hsi2ndresearch\Segregated Sentences and Parts\2. Page 5\Document_1\Image_05\C_01_W-01-02-03-04_R1111\Writer_01\Band_139.png,515,205,uint8,0,255,119.2477694
C:\Users\dell\Documents\hsi2ndresearch\Segregated Sentences and Parts\2. Page 5\Document_1\Image_05\C_01_W-01-02-03-04_R1111\Writer_01\Band_14.png,515,205,uint8,0,255,110.1355127
C:\Users\dell\Documents\hsi2ndresearch\Segregated Sentences and Parts\2. Page 5\Document_1\Image_05\C_01_W-01-02-03-04_R1111\Writer_01\Band_140.png,515,205,uint8,0,255,119.3131257
C:\Users\dell\Documents\hsi2ndresearch\Segregated Sentences and Parts\2. Page 5\Document_1\Image_05\C_01_W-01-02-03-04_R1111\Writer_01\Band_141.png,515,205,uint8,0,255,119.3154061
C:\Users\dell\Documents\hsi2ndresearch\Segregated Sentences and Parts\2. Page 5\Document_1\Image_05\C_01_W-01-02-03-04_R1111\Writer_01\Band_142.png,515,205,uint8,0,255,119.2980796
C:\Users\dell\Documents\hsi2ndresearch\Segregated Sentences and Parts\2. Page 5\Document_1\Image_05\C_01_W-01-02-03-04_R1111\Writer_01\Band_143.png,515,205,uint8,0,255,119.3056666
C:\Users\dell\Documents\hsi2ndresearch\Segregated Sentences and Parts\2. Page 5\Document_1\Image_05\C_01_W-01-02-03-04_R1111\Writer_01\Band_144.png,515,205,uint8,0,255,119.2538077
C:\Users\dell\Documents\hsi2ndresearch\Segregated Sentences and Parts\2. Page 5\Document_1\Image_05\C_01_W-01-02-03-04_R1111\Writer_01\Band_145.png,515,205,uint8,0,255,118.9933554
C:\Users\dell\Documents\hsi2ndresearch\Segregated Sentences and Parts\2. Page 5\Document_1\Image_05\C_01_W-01-02-03-04_R1111\Writer_01\Band_146.png,515,205,uint8,0,255,118.5232228
C:\Users\dell\Documents\hsi2ndresearch\Segregated Sentences and Parts\2. Page 5\Document_1\Image_05\C_01_W-01-02-03-04_R1111\Writer_01\Band_147.png,515,205,uint8,0,255,118.4348496
C:\Users\dell\Documents\hsi2ndresearch\Segregated Sentences and Parts\2. Page 5\Document_1\Image_05\C_01_W-01-02-03-04_R1111\Writer_01\Band_148.png,515,205,uint8,0,255,118.6213071
C:\Users\dell\Documents\hsi2ndresearch\Segregated Sentences and Parts\2. Page 5\Document_1\Image_05\C_01_W-01-02-03-04_R1111\Writer_01\Band_149.png,515,205,uint8,0,255,118.8113947
C:\Users\dell\Documents\hsi2ndresearch\Segregated Sentences and Parts\2. Page 5\Document_1\Image_05\C_01_W-01-02-03-04_R1111\Writer_01\Band_15.png,515,205,uint8,0,255,110.0795193
C:\Users\dell\Documents\hsi2ndresearch\Segregated Sentences and Parts\2. Page 5\Document_1\Image_05\C_01_W-01-02-03-04_R1111\Writer_01\Band_16.png,515,205,uint8,0,255,110.4004902
C:\Users\dell\Documents\hsi2ndresearch\Segregated Sentences and Parts\2. Page 5\Document_1\Image_05\C_01_W-01-02-03-04_R1111\Writer_01\Band_17.png,515,205,uint8,0,255,110.8463415
C:\Users\dell\Documents\hsi2ndresearch\Segregated Sentences and Parts\2. Page 5\Document_1\Image_05\C_01_W-01-02-03-04_R1111\Writer_01\Band_18.png,515,205,uint8,0,255,111.5359863
C:\Users\dell\Documents\hsi2ndresearch\Segregated Sentences and Parts\2. Page 5\Document_1\Image_05\C_01_W-01-02-03-04_R1111\Writer_01\Band_19.png,515,205,uint8,0,255,111.0889486
C:\Users\dell\Documents\hsi2ndresearch\Segregated Sentences and Parts\2. Page 5\Document_1\Image_05\C_01_W-01-02-03-04_R1111\Writer_01\Band_2.png,515,205,uint8,0,255,111.1865854
C:\Users\dell\Documents\hsi2ndresearch\Segregated Sentences and Parts\2. Page 5\Document_1\Image_05\C_01_W-01-02-03-04_R1111\Writer_01\Band_20.png,515,205,uint8,0,255,110.620727
C:\Users\dell\Documents\hsi2ndresearch\Segregated Sentences and Parts\2. Page 5\Document_1\Image_05\C_01_W-01-02-03-04_R1111\Writer_01\Band_21.png,515,205,uint8,0,255,111.7383282
C:\Users\dell\Documents\hsi2ndresearch\Segregated Sentences and Parts\2. Page 5\Document_1\Image_05\C_01_W-01-02-03-04_R1111\Writer_01\Band_22.png,515,205,uint8,0,255,113.038018
C:\Users\dell\Documents\hsi2ndresearch\Segregated Sentences and Parts\2. Page 5\Document_1\Image_05\C_01_W-01-02-03-04_R1111\Writer_01\Band_23.png,515,205,uint8,0,255,113.0096093
C:\Users\dell\Documents\hsi2ndresearch\Segregated Sentences and Parts\2. Page 5\Document_1\Image_05\C_01_W-01-02-03-04_R1111\Writer_01\Band_24.png,515,205,uint8,0,255,112.9353303
C:\Users\dell\Documents\hsi2ndresearch\Segregated Sentences and Parts\2. Page 5\Document_1\Image_05\C_01_W-01-02-03-04_R1111\Writer_01\Band_25.png,515,205,uint8,0,255,112.7613261
C:\Users\dell\Documents\hsi2ndresearch\Segregated Sentences and Parts\2. Page 5\Document_1\Image_05\C_01_W-01-02-03-04_R1111\Writer_01\Band_26.png,515,205,uint8,0,255,112.8724319
C:\Users\dell\Documents\hsi2ndresearch\Segregated Sentences and Parts\2. Page 5\Document_1\Image_05\C_01_W-01-02-03-04_R1111\Writer_01\Band_27.png,515,205,uint8,0,255,112.9362396
C:\Users\dell\Documents\hsi2ndresearch\Segregated Sentences and Parts\2. Page 5\Document_1\Image_05\C_01_W-01-02-03-04_R1111\Writer_01\Band_28.png,515,205,uint8,0,255,112.9612953
C:\Users\dell\Documents\hsi2ndresearch\Segregated Sentences and Parts\2. Page 5\Document_1\Image_05\C_01_W-01-02-03-04_R1111\Writer_01\Band_29.png,515,205,uint8,0,255,113.1420412
C:\Users\dell\Documents\hsi2ndresearch\Segregated Sentences and Parts\2. Page 5\Document_1\Image_05\C_01_W-01-02-03-04_R1111\Writer_01\Band_3.png,515,205,uint8,0,255,112.1835757
C:\Users\dell\Documents\hsi2ndresearch\Segregated Sentences and Parts\2. Page 5\Document_1\Image_05\C_01_W-01-02-03-04_R1111\Writer_01\Band_30.png,515,205,uint8,0,255,112.5898082
C:\Users\dell\Documents\hsi2ndresearch\Segregated Sentences and Parts\2. Page 5\Document_1\Image_05\C_01_W-01-02-03-04_R1111\Writer_01\Band_31.png,515,205,uint8,0,255,112.7864599
C:\Users\dell\Documents\hsi2ndresearch\Segregated Sentences and Parts\2. Page 5\Document_1\Image_05\C_01_W-01-02-03-04_R1111\Writer_01\Band_32.png,515,205,uint8,0,255,112.6764764
C:\Users\dell\Documents\hsi2ndresearch\Segregated Sentences and Parts\2. Page 5\Document_1\Image_05\C_01_W-01-02-03-04_R1111\Writer_01\Band_33.png,515,205,uint8,0,255,112.8611793
C:\Users\dell\Documents\hsi2ndresearch\Segregated Sentences and Parts\2. Page 5\Document_1\Image_05\C_01_W-01-02-03-04_R1111\Writer_01\Band_34.png,515,205,uint8,0,255,113.5218115
C:\Users\dell\Documents\hsi2ndresearch\Segregated Sentences and Parts\2. Page 5\Document_1\Image_05\C_01_W-01-02-03-04_R1111\Writer_01\Band_35.png,515,205,uint8,0,255,113.4038148
C:\Users\dell\Documents\hsi2ndresearch\Segregated Sentences and Parts\2. Page 5\Document_1\Image_05\C_01_W-01-02-03-04_R1111\Writer_01\Band_36.png,515,205,uint8,0,255,113.2745797
C:\Users\dell\Documents\hsi2ndresearch\Segregated Sentences and Parts\2. Page 5\Document_1\Image_05\C_01_W-01-02-03-04_R1111\Writer_01\Band_37.png,515,205,uint8,0,255,113.453919
C:\Users\dell\Documents\hsi2ndresearch\Segregated Sentences and Parts\2. Page 5\Document_1\Image_05\C_01_W-01-02-03-04_R1111\Writer_01\Band_38.png,515,205,uint8,0,255,113.3294293
C:\Users\dell\Documents\hsi2ndresearch\Segregated Sentences and Parts\2. Page 5\Document_1\Image_05\C_01_W-01-02-03-04_R1111\Writer_01\Band_39.png,515,205,uint8,0,255,113.9650343
C:\Users\dell\Documents\hsi2ndresearch\Segregated Sentences and Parts\2. Page 5\Document_1\Image_05\C_01_W-01-02-03-04_R1111\Writer_01\Band_4.png,515,205,uint8,0,255,111.9291049
C:\Users\dell\Documents\hsi2ndresearch\Segregated Sentences and Parts\2. Page 5\Document_1\Image_05\C_01_W-01-02-03-04_R1111\Writer_01\Band_40.png,515,205,uint8,0,255,113.7177386
C:\Users\dell\Documents\hsi2ndresearch\Segregated Sentences and Parts\2. Page 5\Document_1\Image_05\C_01_W-01-02-03-04_R1111\Writer_01\Band_41.png,515,205,uint8,0,255,113.6852522
C:\Users\dell\Documents\hsi2ndresearch\Segregated Sentences and Parts\2. Page 5\Document_1\Image_05\C_01_W-01-02-03-04_R1111\Writer_01\Band_42.png,515,205,uint8,0,255,113.6561473
C:\Users\dell\Documents\hsi2ndresearch\Segregated Sentences and Parts\2. Page 5\Document_1\Image_05\C_01_W-01-02-03-04_R1111\Writer_01\Band_43.png,515,205,uint8,0,255,113.409974
C:\Users\dell\Documents\hsi2ndresearch\Segregated Sentences and Parts\2. Page 5\Document_1\Image_05\C_01_W-01-02-03-04_R1111\Writer_01\Band_44.png,515,205,uint8,0,255,113.6936704
C:\Users\dell\Documents\hsi2ndresearch\Segregated Sentences and Parts\2. Page 5\Document_1\Image_05\C_01_W-01-02-03-04_R1111\Writer_01\Band_45.png,515,205,uint8,0,255,113.8669998
C:\Users\dell\Documents\hsi2ndresearch\Segregated Sentences and Parts\2. Page 5\Document_1\Image_05\C_01_W-01-02-03-04_R1111\Writer_01\Band_46.png,515,205,uint8,0,255,113.5949751
C:\Users\dell\Documents\hsi2ndresearch\Segregated Sentences and Parts\2. Page 5\Document_1\Image_05\C_01_W-01-02-03-04_R1111\Writer_01\Band_47.png,515,205,uint8,0,255,113.5675539
C:\Users\dell\Documents\hsi2ndresearch\Segregated Sentences and Parts\2. Page 5\Document_1\Image_05\C_01_W-01-02-03-04_R1111\Writer_01\Band_48.png,515,205,uint8,0,255,114.0066422
C:\Users\dell\Documents\hsi2ndresearch\Segregated Sentences and Parts\2. Page 5\Document_1\Image_05\C_01_W-01-02-03-04_R1111\Writer_01\Band_49.png,515,205,uint8,0,255,114.1655363
C:\Users\dell\Documents\hsi2ndresearch\Segregated Sentences and Parts\2. Page 5\Document_1\Image_05\C_01_W-01-02-03-04_R1111\Writer_01\Band_5.png,515,205,uint8,0,255,111.5382382
C:\Users\dell\Documents\hsi2ndresearch\Segregated Sentences and Parts\2. Page 5\Document_1\Image_05\C_01_W-01-02-03-04_R1111\Writer_01\Band_50.png,515,205,uint8,0,255,114.4003434
C:\Users\dell\Documents\hsi2ndresearch\Segregated Sentences and Parts\2. Page 5\Document_1\Image_05\C_01_W-01-02-03-04_R1111\Writer_01\Band_51.png,515,205,uint8,0,255,114.0320317
C:\Users\dell\Documents\hsi2ndresearch\Segregated Sentences and Parts\2. Page 5\Document_1\Image_05\C_01_W-01-02-03-04_R1111\Writer_01\Band_52.png,515,205,uint8,0,255,114.0241677
C:\Users\dell\Documents\hsi2ndresearch\Segregated Sentences and Parts\2. Page 5\Document_1\Image_05\C_01_W-01-02-03-04_R1111\Writer_01\Band_53.png,515,205,uint8,0,255,113.98879
C:\Users\dell\Documents\hsi2ndresearch\Segregated Sentences and Parts\2. Page 5\Document_1\Image_05\C_01_W-01-02-03-04_R1111\Writer_01\Band_54.png,515,205,uint8,0,255,114.2088421
C:\Users\dell\Documents\hsi2ndresearch\Segregated Sentences and Parts\2. Page 5\Document_1\Image_05\C_01_W-01-02-03-04_R1111\Writer_01\Band_55.png,515,205,uint8,0,255,114.5943808
C:\Users\dell\Documents\hsi2ndresearch\Segregated Sentences and Parts\2. Page 5\Document_1\Image_05\C_01_W-01-02-03-04_R1111\Writer_01\Band_56.png,515,205,uint8,0,255,114.7488847
C:\Users\dell\Documents\hsi2ndresearch\Segregated Sentences and Parts\2. Page 5\Document_1\Image_05\C_01_W-01-02-03-04_R1111\Writer_01\Band_57.png,515,205,uint8,0,255,114.5508051
C:\Users\dell\Documents\hsi2ndresearch\Segregated Sentences and Parts\2. Page 5\Document_1\Image_05\C_01_W-01-02-03-04_R1111\Writer_01\Band_58.png,515,205,uint8,0,255,114.5915605
C:\Users\dell\Documents\hsi2ndresearch\Segregated Sentences and Parts\2. Page 5\Document_1\Image_05\C_01_W-01-02-03-04_R1111\Writer_01\Band_59.png,515,205,uint8,0,255,114.9796566
C:\Users\dell\Documents\hsi2ndresearch\Segregated Sentences and Parts\2. Page 5\Document_1\Image_05\C_01_W-01-02-03-04_R1111\Writer_01\Band_6.png,515,205,uint8,0,255,111.6840327
C:\Users\dell\Documents\hsi2ndresearch\Segregated Sentences and Parts\2. Page 5\Document_1\Image_05\C_01_W-01-02-03-04_R1111\Writer_01\Band_60.png,515,205,uint8,0,255,114.7182524
C:\Users\dell\Documents\hsi2ndresearch\Segregated Sentences and Parts\2. Page 5\Document_1\Image_05\C_01_W-01-02-03-04_R1111\Writer_01\Band_61.png,515,205,uint8,0,255,114.4610324
C:\Users\dell\Documents\hsi2ndresearch\Segregated Sentences and Parts\2. Page 5\Document_1\Image_05\C_01_W-01-02-03-04_R1111\Writer_01\Band_62.png,515,205,uint8,0,255,114.4340303
C:\Users\dell\Documents\hsi2ndresearch\Segregated Sentences and Parts\2. Page 5\Document_1\Image_05\C_01_W-01-02-03-04_R1111\Writer_01\Band_63.png,515,205,uint8,0,255,114.8182477
C:\Users\dell\Documents\hsi2ndresearch\Segregated Sentences and Parts\2. Page 5\Document_1\Image_05\C_01_W-01-02-03-04_R1111\Writer_01\Band_64.png,515,205,uint8,0,255,114.9205091
C:\Users\dell\Documents\hsi2ndresearch\Segregated Sentences and Parts\2. Page 5\Document_1\Image_05\C_01_W-01-02-03-04_R1111\Writer_01\Band_65.png,515,205,uint8,0,255,115.3269548
C:\Users\dell\Documents\hsi2ndresearch\Segregated Sentences and Parts\2. Page 5\Document_1\Image_05\C_01_W-01-02-03-04_R1111\Writer_01\Band_66.png,515,205,uint8,0,255,115.7326971
C:\Users\dell\Documents\hsi2ndresearch\Segregated Sentences and Parts\2. Page 5\Document_1\Image_05\C_01_W-01-02-03-04_R1111\Writer_01\Band_67.png,515,205,uint8,0,255,116.0303955
C:\Users\dell\Documents\hsi2ndresearch\Segregated Sentences and Parts\2. Page 5\Document_1\Image_05\C_01_W-01-02-03-04_R1111\Writer_01\Band_68.png,515,205,uint8,0,255,116.2932631
C:\Users\dell\Documents\hsi2ndresearch\Segregated Sentences and Parts\2. Page 5\Document_1\Image_05\C_01_W-01-02-03-04_R1111\Writer_01\Band_69.png,515,205,uint8,0,255,116.4689936
C:\Users\dell\Documents\hsi2ndresearch\Segregated Sentences and Parts\2. Page 5\Document_1\Image_05\C_01_W-01-02-03-04_R1111\Writer_01\Band_7.png,515,205,uint8,0,255,112.4193701
C:\Users\dell\Documents\hsi2ndresearch\Segregated Sentences and Parts\2. Page 5\Document_1\Image_05\C_01_W-01-02-03-04_R1111\Writer_01\Band_70.png,515,205,uint8,0,255,116.6187166
C:\Users\dell\Documents\hsi2ndresearch\Segregated Sentences and Parts\2. Page 5\Document_1\Image_05\C_01_W-01-02-03-04_R1111\Writer_01\Band_71.png,515,205,uint8,0,255,116.6312408
C:\Users\dell\Documents\hsi2ndresearch\Segregated Sentences and Parts\2. Page 5\Document_1\Image_05\C_01_W-01-02-03-04_R1111\Writer_01\Band_72.png,515,205,uint8,0,255,116.646699
C:\Users\dell\Documents\hsi2ndresearch\Segregated Sentences and Parts\2. Page 5\Document_1\Image_05\C_01_W-01-02-03-04_R1111\Writer_01\Band_73.png,515,205,uint8,0,255,116.723983
C:\Users\dell\Documents\hsi2ndresearch\Segregated Sentences and Parts\2. Page 5\Document_1\Image_05\C_01_W-01-02-03-04_R1111\Writer_01\Band_74.png,515,205,uint8,0,255,116.7857589
C:\Users\dell\Documents\hsi2ndresearch\Segregated Sentences and Parts\2. Page 5\Document_1\Image_05\C_01_W-01-02-03-04_R1111\Writer_01\Band_75.png,515,205,uint8,0,255,117.0746484
C:\Users\dell\Documents\hsi2ndresearch\Segregated Sentences and Parts\2. Page 5\Document_1\Image_05\C_01_W-01-02-03-04_R1111\Writer_01\Band_76.png,515,205,uint8,0,255,117.3208785
C:\Users\dell\Documents\hsi2ndresearch\Segregated Sentences and Parts\2. Page 5\Document_1\Image_05\C_01_W-01-02-03-04_R1111\Writer_01\Band_77.png,515,205,uint8,0,255,117.6283945
C:\Users\dell\Documents\hsi2ndresearch\Segregated Sentences and Parts\2. Page 5\Document_1\Image_05\C_01_W-01-02-03-04_R1111\Writer_01\Band_78.png,515,205,uint8,0,255,117.8018305
C:\Users\dell\Documents\hsi2ndresearch\Segregated Sentences and Parts\2. Page 5\Document_1\Image_05\C_01_W-01-02-03-04_R1111\Writer_01\Band_79.png,515,205,uint8,0,255,118.0825006
C:\Users\dell\Documents\hsi2ndresearch\Segregated Sentences and Parts\2. Page 5\Document_1\Image_05\C_01_W-01-02-03-04_R1111\Writer_01\Band_8.png,515,205,uint8,0,255,111.7821312
C:\Users\dell\Documents\hsi2ndresearch\Segregated Sentences and Parts\2. Page 5\Document_1\Image_05\C_01_W-01-02-03-04_R1111\Writer_01\Band_80.png,515,205,uint8,0,255,118.055875
C:\Users\dell\Documents\hsi2ndresearch\Segregated Sentences and Parts\2. Page 5\Document_1\Image_05\C_01_W-01-02-03-04_R1111\Writer_01\Band_81.png,515,205,uint8,0,255,117.8989344
C:\Users\dell\Documents\hsi2ndresearch\Segregated Sentences and Parts\2. Page 5\Document_1\Image_05\C_01_W-01-02-03-04_R1111\Writer_01\Band_82.png,515,205,uint8,0,255,117.895695
C:\Users\dell\Documents\hsi2ndresearch\Segregated Sentences and Parts\2. Page 5\Document_1\Image_05\C_01_W-01-02-03-04_R1111\Writer_01\Band_83.png,515,205,uint8,0,255,118.0773289
C:\Users\dell\Documents\hsi2ndresearch\Segregated Sentences and Parts\2. Page 5\Document_1\Image_05\C_01_W-01-02-03-04_R1111\Writer_01\Band_84.png,515,205,uint8,0,255,118.3794601
C:\Users\dell\Documents\hsi2ndresearch\Segregated Sentences and Parts\2. Page 5\Document_1\Image_05\C_01_W-01-02-03-04_R1111\Writer_01\Band_85.png,515,205,uint8,0,255,118.4371797
C:\Users\dell\Documents\hsi2ndresearch\Segregated Sentences and Parts\2. Page 5\Document_1\Image_05\C_01_W-01-02-03-04_R1111\Writer_01\Band_86.png,515,205,uint8,0,255,118.5739806
C:\Users\dell\Documents\hsi2ndresearch\Segregated Sentences and Parts\2. Page 5\Document_1\Image_05\C_01_W-01-02-03-04_R1111\Writer_01\Band_87.png,515,205,uint8,0,255,118.8698248
C:\Users\dell\Documents\hsi2ndresearch\Segregated Sentences and Parts\2. Page 5\Document_1\Image_05\C_01_W-01-02-03-04_R1111\Writer_01\Band_88.png,515,205,uint8,0,255,119.079569
C:\Users\dell\Documents\hsi2ndresearch\Segregated Sentences and Parts\2. Page 5\Document_1\Image_05\C_01_W-01-02-03-04_R1111\Writer_01\Band_89.png,515,205,uint8,0,255,118.8342197
C:\Users\dell\Documents\hsi2ndresearch\Segregated Sentences and Parts\2. Page 5\Document_1\Image_05\C_01_W-01-02-03-04_R1111\Writer_01\Band_9.png,515,205,uint8,0,255,111.6994483
C:\Users\dell\Documents\hsi2ndresearch\Segregated Sentences and Parts\2. Page 5\Document_1\Image_05\C_01_W-01-02-03-04_R1111\Writer_01\Band_90.png,515,205,uint8,0,255,118.955399
C:\Users\dell\Documents\hsi2ndresearch\Segregated Sentences and Parts\2. Page 5\Document_1\Image_05\C_01_W-01-02-03-04_R1111\Writer_01\Band_91.png,515,205,uint8,0,255,119.162252
C:\Users\dell\Documents\hsi2ndresearch\Segregated Sentences and Parts\2. Page 5\Document_1\Image_05\C_01_W-01-02-03-04_R1111\Writer_01\Band_92.png,515,205,uint8,0,255,119.0299124
C:\Users\dell\Documents\hsi2ndresearch\Segregated Sentences and Parts\2. Page 5\Document_1\Image_05\C_01_W-01-02-03-04_R1111\Writer_01\Band_93.png,515,205,uint8,0,255,119.0218849
C:\Users\dell\Documents\hsi2ndresearch\Segregated Sentences and Parts\2. Page 5\Document_1\Image_05\C_01_W-01-02-03-04_R1111\Writer_01\Band_94.png,515,205,uint8,0,255,118.9785863
C:\Users\dell\Documents\hsi2ndresearch\Segregated Sentences and Parts\2. Page 5\Document_1\Image_05\C_01_W-01-02-03-04_R1111\Writer_01\Band_95.png,515,205,uint8,0,255,119.1772342
C:\Users\dell\Documents\hsi2ndresearch\Segregated Sentences and Parts\2. Page 5\Document_1\Image_05\C_01_W-01-02-03-04_R1111\Writer_01\Band_96.png,515,205,uint8,0,255,119.194305
C:\Users\dell\Documents\hsi2ndresearch\Segregated Sentences and Parts\2. Page 5\Document_1\Image_05\C_01_W-01-02-03-04_R1111\Writer_01\Band_97.png,515,205,uint8,0,255,119.2298248
C:\Users\dell\Documents\hsi2ndresearch\Segregated Sentences and Parts\2. Page 5\Document_1\Image_05\C_01_W-01-02-03-04_R1111\Writer_01\Band_98.png,515,205,uint8,0,255,119.2570542
C:\Users\dell\Documents\hsi2ndresearch\Segregated Sentences and Parts\2. Page 5\Document_1\Image_05\C_01_W-01-02-03-04_R1111\Writer_01\Band_99.png,515,205,uint8,0,255,119.2793038
C:\Users\dell\Documents\hsi2ndresearch\Segregated Sentences and Parts\2. Page 5\Document_1\Image_05\C_01_W-01-02-03-04_R1111\Writer_02\Band_1.png,515,201,uint8,0,255,109.8863063
C:\Users\dell\Documents\hsi2ndresearch\Segregated Sentences and Parts\2. Page 5\Document_1\Image_05\C_01_W-01-02-03-04_R1111\Writer_02\Band_10.png,515,201,uint8,0,255,109.5520649
C:\Users\dell\Documents\hsi2ndresearch\Segregated Sentences and Parts\2. Page 5\Document_1\Image_05\C_01_W-01-02-03-04_R1111\Writer_02\Band_100.png,515,201,uint8,0,255,117.3019562
C:\Users\dell\Documents\hsi2ndresearch\Segregated Sentences and Parts\2. Page 5\Document_1\Image_05\C_01_W-01-02-03-04_R1111\Writer_02\Band_101.png,515,201,uint8,0,255,117.3352268
C:\Users\dell\Documents\hsi2ndresearch\Segregated Sentences and Parts\2. Page 5\Document_1\Image_05\C_01_W-01-02-03-04_R1111\Writer_02\Band_102.png,515,201,uint8,0,255,117.3794523
C:\Users\dell\Documents\hsi2ndresearch\Segregated Sentences and Parts\2. Page 5\Document_1\Image_05\C_01_W-01-02-03-04_R1111\Writer_02\Band_103.png,515,201,uint8,0,255,117.4110129
C:\Users\dell\Documents\hsi2ndresearch\Segregated Sentences and Parts\2. Page 5\Document_1\Image_05\C_01_W-01-02-03-04_R1111\Writer_02\Band_104.png,515,201,uint8,0,255,117.4096798
C:\Users\dell\Documents\hsi2ndresearch\Segregated Sentences and Parts\2. Page 5\Document_1\Image_05\C_01_W-01-02-03-04_R1111\Writer_02\Band_105.png,515,201,uint8,0,255,117.3855383
C:\Users\dell\Documents\hsi2ndresearch\Segregated Sentences and Parts\2. Page 5\Document_1\Image_05\C_01_W-01-02-03-04_R1111\Writer_02\Band_106.png,515,201,uint8,0,255,117.334937
C:\Users\dell\Documents\hsi2ndresearch\Segregated Sentences and Parts\2. Page 5\Document_1\Image_05\C_01_W-01-02-03-04_R1111\Writer_02\Band_107.png,515,201,uint8,0,255,117.2639038
C:\Users\dell\Documents\hsi2ndresearch\Segregated Sentences and Parts\2. Page 5\Document_1\Image_05\C_01_W-01-02-03-04_R1111\Writer_02\Band_108.png,515,201,uint8,0,255,117.2214462
C:\Users\dell\Documents\hsi2ndresearch\Segregated Sentences and Parts\2. Page 5\Document_1\Image_05\C_01_W-01-02-03-04_R1111\Writer_02\Band_109.png,515,201,uint8,0,255,117.2019417
C:\Users\dell\Documents\hsi2ndresearch\Segregated Sentences and Parts\2. Page 5\Document_1\Image_05\C_01_W-01-02-03-04_R1111\Writer_02\Band_11.png,515,201,uint8,0,255,110.5520649
C:\Users\dell\Documents\hsi2ndresearch\Segregated Sentences and Parts\2. Page 5\Document_1\Image_05\C_01_W-01-02-03-04_R1111\Writer_02\Band_110.png,515,201,uint8,0,255,117.1803797
C:\Users\dell\Documents\hsi2ndresearch\Segregated Sentences and Parts\2. Page 5\Document_1\Image_05\C_01_W-01-02-03-04_R1111\Writer_02\Band_111.png,515,201,uint8,0,255,117.1065932
C:\Users\dell\Documents\hsi2ndresearch\Segregated Sentences and Parts\2. Page 5\Document_1\Image_05\C_01_W-01-02-03-04_R1111\Writer_02\Band_112.png,515,201,uint8,0,255,117.1011448
C:\Users\dell\Documents\hsi2ndresearch\Segregated Sentences and Parts\2. Page 5\Document_1\Image_05\C_01_W-01-02-03-04_R1111\Writer_02\Band_113.png,515,201,uint8,0,255,117.2068976
C:\Users\dell\Documents\hsi2ndresearch\Segregated Sentences and Parts\2. Page 5\Document_1\Image_05\C_01_W-01-02-03-04_R1111\Writer_02\Band_114.png,515,201,uint8,0,255,117.224837
C:\Users\dell\Documents\hsi2ndresearch\Segregated Sentences and Parts\2. Page 5\Document_1\Image_05\C_01_W-01-02-03-04_R1111\Writer_02\Band_115.png,515,201,uint8,0,255,117.3247645
C:\Users\dell\Documents\hsi2ndresearch\Segregated Sentences and Parts\2. Page 5\Document_1\Image_05\C_01_W-01-02-03-04_R1111\Writer_02\Band_116.png,515,201,uint8,0,255,117.3164179
C:\Users\dell\Documents\hsi2ndresearch\Segregated Sentences and Parts\2. Page 5\Document_1\Image_05\C_01_W-01-02-03-04_R1111\Writer_02\Band_117.png,515,201,uint8,0,255,117.1004202
C:\Users\dell\Documents\hsi2ndresearch\Segregated Sentences and Parts\2. Page 5\Document_1\Image_05\C_01_W-01-02-03-04_R1111\Writer_02\Band_118.png,515,201,uint8,0,255,117.1301261
C:\Users\dell\Documents\hsi2ndresearch\Segregated Sentences and Parts\2. Page 5\Document_1\Image_05\C_01_W-01-02-03-04_R1111\Writer_02\Band_119.png,515,201,uint8,0,255,117.5041878
C:\Users\dell\Documents\hsi2ndresearch\Segregated Sentences and Parts\2. Page 5\Document_1\Image_05\C_01_W-01-02-03-04_R1111\Writer_02\Band_12.png,515,201,uint8,0,255,111.2261122
C:\Users\dell\Documents\hsi2ndresearch\Segregated Sentences and Parts\2. Page 5\Document_1\Image_05\C_01_W-01-02-03-04_R1111\Writer_02\Band_120.png,515,201,uint8,0,255,117.4642805
C:\Users\dell\Documents\hsi2ndresearch\Segregated Sentences and Parts\2. Page 5\Document_1\Image_05\C_01_W-01-02-03-04_R1111\Writer_02\Band_121.png,515,201,uint8,0,255,117.4718157
C:\Users\dell\Documents\hsi2ndresearch\Segregated Sentences and Parts\2. Page 5\Document_1\Image_05\C_01_W-01-02-03-04_R1111\Writer_02\Band_122.png,515,201,uint8,0,255,117.4841617
C:\Users\dell\Documents\hsi2ndresearch\Segregated Sentences and Parts\2. Page 5\Document_1\Image_05\C_01_W-01-02-03-04_R1111\Writer_02\Band_123.png,515,201,uint8,0,255,117.4850601
C:\Users\dell\Documents\hsi2ndresearch\Segregated Sentences and Parts\2. Page 5\Document_1\Image_05\C_01_W-01-02-03-04_R1111\Writer_02\Band_124.png,515,201,uint8,0,255,117.4469787
C:\Users\dell\Documents\hsi2ndresearch\Segregated Sentences and Parts\2. Page 5\Document_1\Image_05\C_01_W-01-02-03-04_R1111\Writer_02\Band_125.png,515,201,uint8,0,255,117.3942617
C:\Users\dell\Documents\hsi2ndresearch\Segregated Sentences and Parts\2. Page 5\Document_1\Image_05\C_01_W-01-02-03-04_R1111\Writer_02\Band_126.png,515,201,uint8,0,255,117.4160267
C:\Users\dell\Documents\hsi2ndresearch\Segregated Sentences and Parts\2. Page 5\Document_1\Image_05\C_01_W-01-02-03-04_R1111\Writer_02\Band_127.png,515,201,uint8,0,255,117.4872337
C:\Users\dell\Documents\hsi2ndresearch\Segregated Sentences and Parts\2. Page 5\Document_1\Image_05\C_01_W-01-02-03-04_R1111\Writer_02\Band_128.png,515,201,uint8,0,255,117.4991451
C:\Users\dell\Documents\hsi2ndresearch\Segregated Sentences and Parts\2. Page 5\Document_1\Image_05\C_01_W-01-02-03-04_R1111\Writer_02\Band_129.png,515,201,uint8,0,255,117.4548906
C:\Users\dell\Documents\hsi2ndresearch\Segregated Sentences and Parts\2. Page 5\Document_1\Image_05\C_01_W-01-02-03-04_R1111\Writer_02\Band_13.png,515,201,uint8,0,255,110.4022316
C:\Users\dell\Documents\hsi2ndresearch\Segregated Sentences and Parts\2. Page 5\Document_1\Image_05\C_01_W-01-02-03-04_R1111\Writer_02\Band_130.png,515,201,uint8,0,255,117.4473265
C:\Users\dell\Documents\hsi2ndresearch\Segregated Sentences and Parts\2. Page 5\Document_1\Image_05\C_01_W-01-02-03-04_R1111\Writer_02\Band_131.png,515,201,uint8,0,255,117.3863208
C:\Users\dell\Documents\hsi2ndresearch\Segregated Sentences and Parts\2. Page 5\Document_1\Image_05\C_01_W-01-02-03-04_R1111\Writer_02\Band_132.png,515,201,uint8,0,255,117.3869004
C:\Users\dell\Documents\hsi2ndresearch\Segregated Sentences and Parts\2. Page 5\Document_1\Image_05\C_01_W-01-02-03-04_R1111\Writer_02\Band_133.png,515,201,uint8,0,255,117.3821185
C:\Users\dell\Documents\hsi2ndresearch\Segregated Sentences and Parts\2. Page 5\Document_1\Image_05\C_01_W-01-02-03-04_R1111\Writer_02\Band_134.png,515,201,uint8,0,255,117.3709317
C:\Users\dell\Documents\hsi2ndresearch\Segregated Sentences and Parts\2. Page 5\Document_1\Image_05\C_01_W-01-02-03-04_R1111\Writer_02\Band_135.png,515,201,uint8,0,255,117.3403565
C:\Users\dell\Documents\hsi2ndresearch\Segregated Sentences and Parts\2. Page 5\Document_1\Image_05\C_01_W-01-02-03-04_R1111\Writer_02\Band_136.png,515,201,uint8,0,255,117.367396
C:\Users\dell\Documents\hsi2ndresearch\Segregated Sentences and Parts\2. Page 5\Document_1\Image_05\C_01_W-01-02-03-04_R1111\Writer_02\Band_137.png,515,201,uint8,0,255,117.2716418
C:\Users\dell\Documents\hsi2ndresearch\Segregated Sentences and Parts\2. Page 5\Document_1\Image_05\C_01_W-01-02-03-04_R1111\Writer_02\Band_138.png,515,201,uint8,0,255,117.2615853
C:\Users\dell\Documents\hsi2ndresearch\Segregated Sentences and Parts\2. Page 5\Document_1\Image_05\C_01_W-01-02-03-04_R1111\Writer_02\Band_139.png,515,201,uint8,0,255,117.3082452
C:\Users\dell\Documents\hsi2ndresearch\Segregated Sentences and Parts\2. Page 5\Document_1\Image_05\C_01_W-01-02-03-04_R1111\Writer_02\Band_14.png,515,201,uint8,0,255,109.8182582
C:\Users\dell\Documents\hsi2ndresearch\Segregated Sentences and Parts\2. Page 5\Document_1\Image_05\C_01_W-01-02-03-04_R1111\Writer_02\Band_140.png,515,201,uint8,0,255,117.368932
C:\Users\dell\Documents\hsi2ndresearch\Segregated Sentences and Parts\2. Page 5\Document_1\Image_05\C_01_W-01-02-03-04_R1111\Writer_02\Band_141.png,515,201,uint8,0,255,117.4014201
C:\Users\dell\Documents\hsi2ndresearch\Segregated Sentences and Parts\2. Page 5\Document_1\Image_05\C_01_W-01-02-03-04_R1111\Writer_02\Band_142.png,515,201,uint8,0,255,117.4536734
C:\Users\dell\Documents\hsi2ndresearch\Segregated Sentences and Parts\2. Page 5\Document_1\Image_05\C_01_W-01-02-03-04_R1111\Writer_02\Band_143.png,515,201,uint8,0,255,117.5029706
C:\Users\dell\Documents\hsi2ndresearch\Segregated Sentences and Parts\2. Page 5\Document_1\Image_05\C_01_W-01-02-03-04_R1111\Writer_02\Band_144.png,515,201,uint8,0,255,117.5129112
C:\Users\dell\Documents\hsi2ndresearch\Segregated Sentences and Parts\2. Page 5\Document_1\Image_05\C_01_W-01-02-03-04_R1111\Writer_02\Band_145.png,515,201,uint8,0,255,117.5123026
C:\Users\dell\Documents\hsi2ndresearch\Segregated Sentences and Parts\2. Page 5\Document_1\Image_05\C_01_W-01-02-03-04_R1111\Writer_02\Band_146.png,515,201,uint8,0,255,117.3670772
C:\Users\dell\Documents\hsi2ndresearch\Segregated Sentences and Parts\2. Page 5\Document_1\Image_05\C_01_W-01-02-03-04_R1111\Writer_02\Band_147.png,515,201,uint8,0,255,117.2660484
C:\Users\dell\Documents\hsi2ndresearch\Segregated Sentences and Parts\2. Page 5\Document_1\Image_05\C_01_W-01-02-03-04_R1111\Writer_02\Band_148.png,515,201,uint8,0,255,117.1051442
C:\Users\dell\Documents\hsi2ndresearch\Segregated Sentences and Parts\2. Page 5\Document_1\Image_05\C_01_W-01-02-03-04_R1111\Writer_02\Band_149.png,515,201,uint8,0,255,117.0383713
C:\Users\dell\Documents\hsi2ndresearch\Segregated Sentences and Parts\2. Page 5\Document_1\Image_05\C_01_W-01-02-03-04_R1111\Writer_02\Band_15.png,515,201,uint8,0,255,110.1481814
C:\Users\dell\Documents\hsi2ndresearch\Segregated Sentences and Parts\2. Page 5\Document_1\Image_05\C_01_W-01-02-03-04_R1111\Writer_02\Band_16.png,515,201,uint8,0,255,109.8681061
C:\Users\dell\Documents\hsi2ndresearch\Segregated Sentences and Parts\2. Page 5\Document_1\Image_05\C_01_W-01-02-03-04_R1111\Writer_02\Band_17.png,515,201,uint8,0,255,111.2705115
C:\Users\dell\Documents\hsi2ndresearch\Segregated Sentences and Parts\2. Page 5\Document_1\Image_05\C_01_W-01-02-03-04_R1111\Writer_02\Band_18.png,515,201,uint8,0,255,111.2495291
C:\Users\dell\Documents\hsi2ndresearch\Segregated Sentences and Parts\2. Page 5\Document_1\Image_05\C_01_W-01-02-03-04_R1111\Writer_02\Band_19.png,515,201,uint8,0,255,110.8420519
C:\Users\dell\Documents\hsi2ndresearch\Segregated Sentences and Parts\2. Page 5\Document_1\Image_05\C_01_W-01-02-03-04_R1111\Writer_02\Band_2.png,515,201,uint8,0,255,110.7358933
C:\Users\dell\Documents\hsi2ndresearch\Segregated Sentences and Parts\2. Page 5\Document_1\Image_05\C_01_W-01-02-03-04_R1111\Writer_02\Band_20.png,515,201,uint8,0,255,111.1552818
C:\Users\dell\Documents\hsi2ndresearch\Segregated Sentences and Parts\2. Page 5\Document_1\Image_05\C_01_W-01-02-03-04_R1111\Writer_02\Band_21.png,515,201,uint8,0,255,111.4711491
C:\Users\dell\Documents\hsi2ndresearch\Segregated Sentences and Parts\2. Page 5\Document_1\Image_05\C_01_W-01-02-03-04_R1111\Writer_02\Band_22.png,515,201,uint8,0,255,112.5143602
C:\Users\dell\Documents\hsi2ndresearch\Segregated Sentences and Parts\2. Page 5\Document_1\Image_05\C_01_W-01-02-03-04_R1111\Writer_02\Band_23.png,515,201,uint8,0,255,112.6286046
C:\Users\dell\Documents\hsi2ndresearch\Segregated Sentences and Parts\2. Page 5\Document_1\Image_05\C_01_W-01-02-03-04_R1111\Writer_02\Band_24.png,515,201,uint8,0,255,112.4820751
C:\Users\dell\Documents\hsi2ndresearch\Segregated Sentences and Parts\2. Page 5\Document_1\Image_05\C_01_W-01-02-03-04_R1111\Writer_02\Band_25.png,515,201,uint8,0,255,112.4756702
C:\Users\dell\Documents\hsi2ndresearch\Segregated Sentences and Parts\2. Page 5\Document_1\Image_05\C_01_W-01-02-03-04_R1111\Writer_02\Band_26.png,515,201,uint8,0,255,112.395363
C:\Users\dell\Documents\hsi2ndresearch\Segregated Sentences and Parts\2. Page 5\Document_1\Image_05\C_01_W-01-02-03-04_R1111\Writer_02\Band_27.png,515,201,uint8,0,255,112.370468
C:\Users\dell\Documents\hsi2ndresearch\Segregated Sentences and Parts\2. Page 5\Document_1\Image_05\C_01_W-01-02-03-04_R1111\Writer_02\Band_28.png,515,201,uint8,0,255,112.2891465
C:\Users\dell\Documents\hsi2ndresearch\Segregated Sentences and Parts\2. Page 5\Document_1\Image_05\C_01_W-01-02-03-04_R1111\Writer_02\Band_29.png,515,201,uint8,0,255,112.5072019
C:\Users\dell\Documents\hsi2ndresearch\Segregated Sentences and Parts\2. Page 5\Document_1\Image_05\C_01_W-01-02-03-04_R1111\Writer_02\Band_3.png,515,201,uint8,0,255,111.7229097
C:\Users\dell\Documents\hsi2ndresearch\Segregated Sentences and Parts\2. Page 5\Document_1\Image_05\C_01_W-01-02-03-04_R1111\Writer_02\Band_30.png,515,201,uint8,0,255,112.517896
C:\Users\dell\Documents\hsi2ndresearch\Segregated Sentences and Parts\2. Page 5\Document_1\Image_05\C_01_W-01-02-03-04_R1111\Writer_02\Band_31.png,515,201,uint8,0,255,112.2745399
C:\Users\dell\Documents\hsi2ndresearch\Segregated Sentences and Parts\2. Page 5\Document_1\Image_05\C_01_W-01-02-03-04_R1111\Writer_02\Band_32.png,515,201,uint8,0,255,112.1763802
C:\Users\dell\Documents\hsi2ndresearch\Segregated Sentences and Parts\2. Page 5\Document_1\Image_05\C_01_W-01-02-03-04_R1111\Writer_02\Band_33.png,515,201,uint8,0,255,112.9501522
C:\Users\dell\Documents\hsi2ndresearch\Segregated Sentences and Parts\2. Page 5\Document_1\Image_05\C_01_W-01-02-03-04_R1111\Writer_02\Band_34.png,515,201,uint8,0,255,112.8872048
C:\Users\dell\Documents\hsi2ndresearch\Segregated Sentences and Parts\2. Page 5\Document_1\Image_05\C_01_W-01-02-03-04_R1111\Writer_02\Band_35.png,515,201,uint8,0,255,112.7882046
C:\Users\dell\Documents\hsi2ndresearch\Segregated Sentences and Parts\2. Page 5\Document_1\Image_05\C_01_W-01-02-03-04_R1111\Writer_02\Band_36.png,515,201,uint8,0,255,112.6244023
C:\Users\dell\Documents\hsi2ndresearch\Segregated Sentences and Parts\2. Page 5\Document_1\Image_05\C_01_W-01-02-03-04_R1111\Writer_02\Band_37.png,515,201,uint8,0,255,112.7663817
C:\Users\dell\Documents\hsi2ndresearch\Segregated Sentences and Parts\2. Page 5\Document_1\Image_05\C_01_W-01-02-03-04_R1111\Writer_02\Band_38.png,515,201,uint8,0,255,112.7784379
C:\Users\dell\Documents\hsi2ndresearch\Segregated Sentences and Parts\2. Page 5\Document_1\Image_05\C_01_W-01-02-03-04_R1111\Writer_02\Band_39.png,515,201,uint8,0,255,113.0882191
C:\Users\dell\Documents\hsi2ndresearch\Segregated Sentences and Parts\2. Page 5\Document_1\Image_05\C_01_W-01-02-03-04_R1111\Writer_02\Band_4.png,515,201,uint8,0,255,112.3680916
C:\Users\dell\Documents\hsi2ndresearch\Segregated Sentences and Parts\2. Page 5\Document_1\Image_05\C_01_W-01-02-03-04_R1111\Writer_02\Band_40.png,515,201,uint8,0,255,113.1196059
C:\Users\dell\Documents\hsi2ndresearch\Segregated Sentences and Parts\2. Page 5\Document_1\Image_05\C_01_W-01-02-03-04_R1111\Writer_02\Band_41.png,515,201,uint8,0,255,113.3093465
C:\Users\dell\Documents\hsi2ndresearch\Segregated Sentences and Parts\2. Page 5\Document_1\Image_05\C_01_W-01-02-03-04_R1111\Writer_02\Band_42.png,515,201,uint8,0,255,113.2193305
C:\Users\dell\Documents\hsi2ndresearch\Segregated Sentences and Parts\2. Page 5\Document_1\Image_05\C_01_W-01-02-03-04_R1111\Writer_02\Band_43.png,515,201,uint8,0,255,112.9497174
C:\Users\dell\Documents\hsi2ndresearch\Segregated Sentences and Parts\2. Page 5\Document_1\Image_05\C_01_W-01-02-03-04_R1111\Writer_02\Band_44.png,515,201,uint8,0,255,113.1543255
C:\Users\dell\Documents\hsi2ndresearch\Segregated Sentences and Parts\2. Page 5\Document_1\Image_05\C_01_W-01-02-03-04_R1111\Writer_02\Band_45.png,515,201,uint8,0,255,113.0923055
C:\Users\dell\Documents\hsi2ndresearch\Segregated Sentences and Parts\2. Page 5\Document_1\Image_05\C_01_W-01-02-03-04_R1111\Writer_02\Band_46.png,515,201,uint8,0,255,113.2917838
C:\Users\dell\Documents\hsi2ndresearch\Segregated Sentences and Parts\2. Page 5\Document_1\Image_05\C_01_W-01-02-03-04_R1111\Writer_02\Band_47.png,515,201,uint8,0,255,113.345776
C:\Users\dell\Documents\hsi2ndresearch\Segregated Sentences and Parts\2. Page 5\Document_1\Image_05\C_01_W-01-02-03-04_R1111\Writer_02\Band_48.png,515,201,uint8,0,255,113.2284886
C:\Users\dell\Documents\hsi2ndresearch\Segregated Sentences and Parts\2. Page 5\Document_1\Image_05\C_01_W-01-02-03-04_R1111\Writer_02\Band_49.png,515,201,uint8,0,255,113.3525576
C:\Users\dell\Documents\hsi2ndresearch\Segregated Sentences and Parts\2. Page 5\Document_1\Image_05\C_01_W-01-02-03-04_R1111\Writer_02\Band_5.png,515,201,uint8,0,255,111.7521808
C:\Users\dell\Documents\hsi2ndresearch\Segregated Sentences and Parts\2. Page 5\Document_1\Image_05\C_01_W-01-02-03-04_R1111\Writer_02\Band_50.png,515,201,uint8,0,255,113.6292421
C:\Users\dell\Documents\hsi2ndresearch\Segregated Sentences and Parts\2. Page 5\Document_1\Image_05\C_01_W-01-02-03-04_R1111\Writer_02\Band_51.png,515,201,uint8,0,255,113.6081437
C:\Users\dell\Documents\hsi2ndresearch\Segregated Sentences and Parts\2. Page 5\Document_1\Image_05\C_01_W-01-02-03-04_R1111\Writer_02\Band_52.png,515,201,uint8,0,255,113.6159397
C:\Users\dell\Documents\hsi2ndresearch\Segregated Sentences and Parts\2. Page 5\Document_1\Image_05\C_01_W-01-02-03-04_R1111\Writer_02\Band_53.png,515,201,uint8,0,255,113.7986089
C:\Users\dell\Documents\hsi2ndresearch\Segregated Sentences and Parts\2. Page 5\Document_1\Image_05\C_01_W-01-02-03-04_R1111\Writer_02\Band_54.png,515,201,uint8,0,255,113.6889726
C:\Users\dell\Documents\hsi2ndresearch\Segregated Sentences and Parts\2. Page 5\Document_1\Image_05\C_01_W-01-02-03-04_R1111\Writer_02\Band_55.png,515,201,uint8,0,255,112.9043907
C:\Users\dell\Documents\hsi2ndresearch\Segregated Sentences and Parts\2. Page 5\Document_1\Image_05\C_01_W-01-02-03-04_R1111\Writer_02\Band_56.png,515,201,uint8,0,255,112.7128242
C:\Users\dell\Documents\hsi2ndresearch\Segregated Sentences and Parts\2. Page 5\Document_1\Image_05\C_01_W-01-02-03-04_R1111\Writer_02\Band_57.png,515,201,uint8,0,255,113.8071584
C:\Users\dell\Documents\hsi2ndresearch\Segregated Sentences and Parts\2. Page 5\Document_1\Image_05\C_01_W-01-02-03-04_R1111\Writer_02\Band_58.png,515,201,uint8,0,255,114.2696131
C:\Users\dell\Documents\hsi2ndresearch\Segregated Sentences and Parts\2. Page 5\Document_1\Image_05\C_01_W-01-02-03-04_R1111\Writer_02\Band_59.png,515,201,uint8,0,255,114.4101724
C:\Users\dell\Documents\hsi2ndresearch\Segregated Sentences and Parts\2. Page 5\Document_1\Image_05\C_01_W-01-02-03-04_R1111\Writer_02\Band_6.png,515,201,uint8,0,255,111.2872627
C:\Users\dell\Documents\hsi2ndresearch\Segregated Sentences and Parts\2. Page 5\Document_1\Image_05\C_01_W-01-02-03-04_R1111\Writer_02\Band_60.png,515,201,uint8,0,255,114.4674105
C:\Users\dell\Documents\hsi2ndresearch\Segregated Sentences and Parts\2. Page 5\Document_1\Image_05\C_01_W-01-02-03-04_R1111\Writer_02\Band_61.png,515,201,uint8,0,255,114.6095638
C:\Users\dell\Documents\hsi2ndresearch\Segregated Sentences and Parts\2. Page 5\Document_1\Image_05\C_01_W-01-02-03-04_R1111\Writer_02\Band_62.png,515,201,uint8,0,255,114.7805246
C:\Users\dell\Documents\hsi2ndresearch\Segregated Sentences and Parts\2. Page 5\Document_1\Image_05\C_01_W-01-02-03-04_R1111\Writer_02\Band_63.png,515,201,uint8,0,255,114.5050572
C:\Users\dell\Documents\hsi2ndresearch\Segregated Sentences and Parts\2. Page 5\Document_1\Image_05\C_01_W-01-02-03-04_R1111\Writer_02\Band_64.png,515,201,uint8,0,255,114.4185191
C:\Users\dell\Documents\hsi2ndresearch\Segregated Sentences and Parts\2. Page 5\Document_1\Image_05\C_01_W-01-02-03-04_R1111\Writer_02\Band_65.png,515,201,uint8,0,255,115.0380235
C:\Users\dell\Documents\hsi2ndresearch\Segregated Sentences and Parts\2. Page 5\Document_1\Image_05\C_01_W-01-02-03-04_R1111\Writer_02\Band_66.png,515,201,uint8,0,255,115.226402
C:\Users\dell\Documents\hsi2ndresearch\Segregated Sentences and Parts\2. Page 5\Document_1\Image_05\C_01_W-01-02-03-04_R1111\Writer_02\Band_67.png,515,201,uint8,0,255,115.6724243
C:\Users\dell\Documents\hsi2ndresearch\Segregated Sentences and Parts\2. Page 5\Document_1\Image_05\C_01_W-01-02-03-04_R1111\Writer_02\Band_68.png,515,201,uint8,0,255,115.8779597
C:\Users\dell\Documents\hsi2ndresearch\Segregated Sentences and Parts\2. Page 5\Document_1\Image_05\C_01_W-01-02-03-04_R1111\Writer_02\Band_69.png,515,201,uint8,0,255,116.2978119
C:\Users\dell\Documents\hsi2ndresearch\Segregated Sentences and Parts\2. Page 5\Document_1\Image_05\C_01_W-01-02-03-04_R1111\Writer_02\Band_7.png,515,201,uint8,0,255,111.9875091
C:\Users\dell\Documents\hsi2ndresearch\Segregated Sentences and Parts\2. Page 5\Document_1\Image_05\C_01_W-01-02-03-04_R1111\Writer_02\Band_70.png,515,201,uint8,0,255,116.3373134
C:\Users\dell\Documents\hsi2ndresearch\Segregated Sentences and Parts\2. Page 5\Document_1\Image_05\C_01_W-01-02-03-04_R1111\Writer_02\Band_71.png,515,201,uint8,0,255,116.3170265
C:\Users\dell\Documents\hsi2ndresearch\Segregated Sentences and Parts\2. Page 5\Document_1\Image_05\C_01_W-01-02-03-04_R1111\Writer_02\Band_72.png,515,201,uint8,0,255,116.316273
C:\Users\dell\Documents\hsi2ndresearch\Segregated Sentences and Parts\2. Page 5\Document_1\Image_05\C_01_W-01-02-03-04_R1111\Writer_02\Band_73.png,515,201,uint8,0,255,116.2935517
C:\Users\dell\Documents\hsi2ndresearch\Segregated Sentences and Parts\2. Page 5\Document_1\Image_05\C_01_W-01-02-03-04_R1111\Writer_02\Band_74.png,515,201,uint8,0,255,116.2673815
C:\Users\dell\Documents\hsi2ndresearch\Segregated Sentences and Parts\2. Page 5\Document_1\Image_05\C_01_W-01-02-03-04_R1111\Writer_02\Band_75.png,515,201,uint8,0,255,116.243385
C:\Users\dell\Documents\hsi2ndresearch\Segregated Sentences and Parts\2. Page 5\Document_1\Image_05\C_01_W-01-02-03-04_R1111\Writer_02\Band_76.png,515,201,uint8,0,255,116.1881466
C:\Users\dell\Documents\hsi2ndresearch\Segregated Sentences and Parts\2. Page 5\Document_1\Image_05\C_01_W-01-02-03-04_R1111\Writer_02\Band_77.png,515,201,uint8,0,255,116.5294885
C:\Users\dell\Documents\hsi2ndresearch\Segregated Sentences and Parts\2. Page 5\Document_1\Image_05\C_01_W-01-02-03-04_R1111\Writer_02\Band_78.png,515,201,uint8,0,255,116.7046805
C:\Users\dell\Documents\hsi2ndresearch\Segregated Sentences and Parts\2. Page 5\Document_1\Image_05\C_01_W-01-02-03-04_R1111\Writer_02\Band_79.png,515,201,uint8,0,255,116.8475583
C:\Users\dell\Documents\hsi2ndresearch\Segregated Sentences and Parts\2. Page 5\Document_1\Image_05\C_01_W-01-02-03-04_R1111\Writer_02\Band_8.png,515,201,uint8,0,255,111.8008115
C:\Users\dell\Documents\hsi2ndresearch\Segregated Sentences and Parts\2. Page 5\Document_1\Image_05\C_01_W-01-02-03-04_R1111\Writer_02\Band_80.png,515,201,uint8,0,255,116.9033473
C:\Users\dell\Documents\hsi2ndresearch\Segregated Sentences and Parts\2. Page 5\Document_1\Image_05\C_01_W-01-02-03-04_R1111\Writer_02\Band_81.png,515,201,uint8,0,255,116.9859151
C:\Users\dell\Documents\hsi2ndresearch\Segregated Sentences and Parts\2. Page 5\Document_1\Image_05\C_01_W-01-02-03-04_R1111\Writer_02\Band_82.png,515,201,uint8,0,255,117.0416461
C:\Users\dell\Documents\hsi2ndresearch\Segregated Sentences and Parts\2. Page 5\Document_1\Image_05\C_01_W-01-02-03-04_R1111\Writer_02\Band_83.png,515,201,uint8,0,255,116.9262716
C:\Users\dell\Documents\hsi2ndresearch\Segregated Sentences and Parts\2. Page 5\Document_1\Image_05\C_01_W-01-02-03-04_R1111\Writer_02\Band_84.png,515,201,uint8,0,255,117.1169396
C:\Users\dell\Documents\hsi2ndresearch\Segregated Sentences and Parts\2. Page 5\Document_1\Image_05\C_01_W-01-02-03-04_R1111\Writer_02\Band_85.png,515,201,uint8,0,255,117.0685408
C:\Users\dell\Documents\hsi2ndresearch\Segregated Sentences and Parts\2. Page 5\Document_1\Image_05\C_01_W-01-02-03-04_R1111\Writer_02\Band_86.png,515,201,uint8,0,255,117.1610491
C:\Users\dell\Documents\hsi2ndresearch\Segregated Sentences and Parts\2. Page 5\Document_1\Image_05\C_01_W-01-02-03-04_R1111\Writer_02\Band_87.png,515,201,uint8,0,255,117.0787132
C:\Users\dell\Documents\hsi2ndresearch\Segregated Sentences and Parts\2. Page 5\Document_1\Image_05\C_01_W-01-02-03-04_R1111\Writer_02\Band_88.png,515,201,uint8,0,255,117.1073757
C:\Users\dell\Documents\hsi2ndresearch\Segregated Sentences and Parts\2. Page 5\Document_1\Image_05\C_01_W-01-02-03-04_R1111\Writer_02\Band_89.png,515,201,uint8,0,255,117.0901608
C:\Users\dell\Documents\hsi2ndresearch\Segregated Sentences and Parts\2. Page 5\Document_1\Image_05\C_01_W-01-02-03-04_R1111\Writer_02\Band_9.png,515,201,uint8,0,255,111.902304
C:\Users\dell\Documents\hsi2ndresearch\Segregated Sentences and Parts\2. Page 5\Document_1\Image_05\C_01_W-01-02-03-04_R1111\Writer_02\Band_90.png,515,201,uint8,0,255,117.1765831
C:\Users\dell\Documents\hsi2ndresearch\Segregated Sentences and Parts\2. Page 5\Document_1\Image_05\C_01_W-01-02-03-04_R1111\Writer_02\Band_91.png,515,201,uint8,0,255,117.0027242
C:\Users\dell\Documents\hsi2ndresearch\Segregated Sentences and Parts\2. Page 5\Document_1\Image_05\C_01_W-01-02-03-04_R1111\Writer_02\Band_92.png,515,201,uint8,0,255,117.1670772
C:\Users\dell\Documents\hsi2ndresearch\Segregated Sentences and Parts\2. Page 5\Document_1\Image_05\C_01_W-01-02-03-04_R1111\Writer_02\Band_93.png,515,201,uint8,0,255,117.2536444
C:\Users\dell\Documents\hsi2ndresearch\Segregated Sentences and Parts\2. Page 5\Document_1\Image_05\C_01_W-01-02-03-04_R1111\Writer_02\Band_94.png,515,201,uint8,0,255,117.4128387
C:\Users\dell\Documents\hsi2ndresearch\Segregated Sentences and Parts\2. Page 5\Document_1\Image_05\C_01_W-01-02-03-04_R1111\Writer_02\Band_95.png,515,201,uint8,0,255,117.324098
C:\Users\dell\Documents\hsi2ndresearch\Segregated Sentences and Parts\2. Page 5\Document_1\Image_05\C_01_W-01-02-03-04_R1111\Writer_02\Band_96.png,515,201,uint8,0,255,117.2832343
C:\Users\dell\Documents\hsi2ndresearch\Segregated Sentences and Parts\2. Page 5\Document_1\Image_05\C_01_W-01-02-03-04_R1111\Writer_02\Band_97.png,515,201,uint8,0,255,117.268222
C:\Users\dell\Documents\hsi2ndresearch\Segregated Sentences and Parts\2. Page 5\Document_1\Image_05\C_01_W-01-02-03-04_R1111\Writer_02\Band_98.png,515,201,uint8,0,255,117.2553543
C:\Users\dell\Documents\hsi2ndresearch\Segregated Sentences and Parts\2. Page 5\Document_1\Image_05\C_01_W-01-02-03-04_R1111\Writer_02\Band_99.png,515,201,uint8,0,255,117.2670048
C:\Users\dell\Documents\hsi2ndresearch\Segregated Sentences and Parts\2. Page 5\Document_1\Image_05\C_01_W-01-02-03-04_R1111\Writer_03\Band_1.png,515,202,uint8,0,255,110.635533
C:\Users\dell\Documents\hsi2ndresearch\Segregated Sentences and Parts\2. Page 5\Document_1\Image_05\C_01_W-01-02-03-04_R1111\Writer_03\Band_10.png,515,202,uint8,0,255,114.8399308
C:\Users\dell\Documents\hsi2ndresearch\Segregated Sentences and Parts\2. Page 5\Document_1\Image_05\C_01_W-01-02-03-04_R1111\Writer_03\Band_100.png,515,202,uint8,0,255,124.0379242
C:\Users\dell\Documents\hsi2ndresearch\Segregated Sentences and Parts\2. Page 5\Document_1\Image_05\C_01_W-01-02-03-04_R1111\Writer_03\Band_101.png,515,202,uint8,0,255,124.0683192
C:\Users\dell\Documents\hsi2ndresearch\Segregated Sentences and Parts\2. Page 5\Document_1\Image_05\C_01_W-01-02-03-04_R1111\Writer_03\Band_102.png,515,202,uint8,0,255,124.0351629
C:\Users\dell\Documents\hsi2ndresearch\Segregated Sentences and Parts\2. Page 5\Document_1\Image_05\C_01_W-01-02-03-04_R1111\Writer_03\Band_103.png,515,202,uint8,0,255,123.9686557
C:\Users\dell\Documents\hsi2ndresearch\Segregated Sentences and Parts\2. Page 5\Document_1\Image_05\C_01_W-01-02-03-04_R1111\Writer_03\Band_104.png,515,202,uint8,0,255,123.9538835
C:\Users\dell\Documents\hsi2ndresearch\Segregated Sentences and Parts\2. Page 5\Document_1\Image_05\C_01_W-01-02-03-04_R1111\Writer_03\Band_105.png,515,202,uint8,0,255,123.9722892
C:\Users\dell\Documents\hsi2ndresearch\Segregated Sentences and Parts\2. Page 5\Document_1\Image_05\C_01_W-01-02-03-04_R1111\Writer_03\Band_106.png,515,202,uint8,0,255,124.035682
C:\Users\dell\Documents\hsi2ndresearch\Segregated Sentences and Parts\2. Page 5\Document_1\Image_05\C_01_W-01-02-03-04_R1111\Writer_03\Band_107.png,515,202,uint8,0,255,124.1198164
C:\Users\dell\Documents\hsi2ndresearch\Segregated Sentences and Parts\2. Page 5\Document_1\Image_05\C_01_W-01-02-03-04_R1111\Writer_03\Band_108.png,515,202,uint8,0,255,124.1722724
C:\Users\dell\Documents\hsi2ndresearch\Segregated Sentences and Parts\2. Page 5\Document_1\Image_05\C_01_W-01-02-03-04_R1111\Writer_03\Band_109.png,515,202,uint8,0,255,124.2002235
C:\Users\dell\Documents\hsi2ndresearch\Segregated Sentences and Parts\2. Page 5\Document_1\Image_05\C_01_W-01-02-03-04_R1111\Writer_03\Band_11.png,515,202,uint8,0,255,114.3747981
C:\Users\dell\Documents\hsi2ndresearch\Segregated Sentences and Parts\2. Page 5\Document_1\Image_05\C_01_W-01-02-03-04_R1111\Writer_03\Band_110.png,515,202,uint8,0,255,124.2558445
C:\Users\dell\Documents\hsi2ndresearch\Segregated Sentences and Parts\2. Page 5\Document_1\Image_05\C_01_W-01-02-03-04_R1111\Writer_03\Band_111.png,515,202,uint8,0,255,124.1715154
C:\Users\dell\Documents\hsi2ndresearch\Segregated Sentences and Parts\2. Page 5\Document_1\Image_05\C_01_W-01-02-03-04_R1111\Writer_03\Band_112.png,515,202,uint8,0,255,124.065385
C:\Users\dell\Documents\hsi2ndresearch\Segregated Sentences and Parts\2. Page 5\Document_1\Image_05\C_01_W-01-02-03-04_R1111\Writer_03\Band_113.png,515,202,uint8,0,255,123.8905268
C:\Users\dell\Documents\hsi2ndresearch\Segregated Sentences and Parts\2. Page 5\Document_1\Image_05\C_01_W-01-02-03-04_R1111\Writer_03\Band_114.png,515,202,uint8,0,255,123.9199342
C:\Users\dell\Documents\hsi2ndresearch\Segregated Sentences and Parts\2. Page 5\Document_1\Image_05\C_01_W-01-02-03-04_R1111\Writer_03\Band_115.png,515,202,uint8,0,255,124.1431174
C:\Users\dell\Documents\hsi2ndresearch\Segregated Sentences and Parts\2. Page 5\Document_1\Image_05\C_01_W-01-02-03-04_R1111\Writer_03\Band_116.png,515,202,uint8,0,255,124.224988
C:\Users\dell\Documents\hsi2ndresearch\Segregated Sentences and Parts\2. Page 5\Document_1\Image_05\C_01_W-01-02-03-04_R1111\Writer_03\Band_117.png,515,202,uint8,0,255,124.0149116
C:\Users\dell\Documents\hsi2ndresearch\Segregated Sentences and Parts\2. Page 5\Document_1\Image_05\C_01_W-01-02-03-04_R1111\Writer_03\Band_118.png,515,202,uint8,0,255,123.9848914
C:\Users\dell\Documents\hsi2ndresearch\Segregated Sentences and Parts\2. Page 5\Document_1\Image_05\C_01_W-01-02-03-04_R1111\Writer_03\Band_119.png,515,202,uint8,0,255,124.347902
C:\Users\dell\Documents\hsi2ndresearch\Segregated Sentences and Parts\2. Page 5\Document_1\Image_05\C_01_W-01-02-03-04_R1111\Writer_03\Band_12.png,515,202,uint8,0,255,115.191291
C:\Users\dell\Documents\hsi2ndresearch\Segregated Sentences and Parts\2. Page 5\Document_1\Image_05\C_01_W-01-02-03-04_R1111\Writer_03\Band_120.png,515,202,uint8,0,255,124.2398899
C:\Users\dell\Documents\hsi2ndresearch\Segregated Sentences and Parts\2. Page 5\Document_1\Image_05\C_01_W-01-02-03-04_R1111\Writer_03\Band_121.png,515,202,uint8,0,255,124.080323
C:\Users\dell\Documents\hsi2ndresearch\Segregated Sentences and Parts\2. Page 5\Document_1\Image_05\C_01_W-01-02-03-04_R1111\Writer_03\Band_122.png,515,202,uint8,0,255,124.0784269
C:\Users\dell\Documents\hsi2ndresearch\Segregated Sentences and Parts\2. Page 5\Document_1\Image_05\C_01_W-01-02-03-04_R1111\Writer_03\Band_123.png,515,202,uint8,0,255,124.1947371
C:\Users\dell\Documents\hsi2ndresearch\Segregated Sentences and Parts\2. Page 5\Document_1\Image_05\C_01_W-01-02-03-04_R1111\Writer_03\Band_124.png,515,202,uint8,0,255,124.2414976
C:\Users\dell\Documents\hsi2ndresearch\Segregated Sentences and Parts\2. Page 5\Document_1\Image_05\C_01_W-01-02-03-04_R1111\Writer_03\Band_125.png,515,202,uint8,0,255,124.1218206
C:\Users\dell\Documents\hsi2ndresearch\Segregated Sentences and Parts\2. Page 5\Document_1\Image_05\C_01_W-01-02-03-04_R1111\Writer_03\Band_126.png,515,202,uint8,0,255,124.1119365
C:\Users\dell\Documents\hsi2ndresearch\Segregated Sentences and Parts\2. Page 5\Document_1\Image_05\C_01_W-01-02-03-04_R1111\Writer_03\Band_127.png,515,202,uint8,0,255,124.1560944
C:\Users\dell\Documents\hsi2ndresearch\Segregated Sentences and Parts\2. Page 5\Document_1\Image_05\C_01_W-01-02-03-04_R1111\Writer_03\Band_128.png,515,202,uint8,0,255,124.1622585
C:\Users\dell\Documents\hsi2ndresearch\Segregated Sentences and Parts\2. Page 5\Document_1\Image_05\C_01_W-01-02-03-04_R1111\Writer_03\Band_129.png,515,202,uint8,0,255,124.1012088
C:\Users\dell\Documents\hsi2ndresearch\Segregated Sentences and Parts\2. Page 5\Document_1\Image_05\C_01_W-01-02-03-04_R1111\Writer_03\Band_13.png,515,202,uint8,0,255,114.1006585
C:\Users\dell\Documents\hsi2ndresearch\Segregated Sentences and Parts\2. Page 5\Document_1\Image_05\C_01_W-01-02-03-04_R1111\Writer_03\Band_130.png,515,202,uint8,0,255,123.9778838
C:\Users\dell\Documents\hsi2ndresearch\Segregated Sentences and Parts\2. Page 5\Document_1\Image_05\C_01_W-01-02-03-04_R1111\Writer_03\Band_131.png,515,202,uint8,0,255,123.8193117
C:\Users\dell\Documents\hsi2ndresearch\Segregated Sentences and Parts\2. Page 5\Document_1\Image_05\C_01_W-01-02-03-04_R1111\Writer_03\Band_132.png,515,202,uint8,0,255,123.7991685
C:\Users\dell\Documents\hsi2ndresearch\Segregated Sentences and Parts\2. Page 5\Document_1\Image_05\C_01_W-01-02-03-04_R1111\Writer_03\Band_133.png,515,202,uint8,0,255,123.82593
C:\Users\dell\Documents\hsi2ndresearch\Segregated Sentences and Parts\2. Page 5\Document_1\Image_05\C_01_W-01-02-03-04_R1111\Writer_03\Band_134.png,515,202,uint8,0,255,123.8437878
C:\Users\dell\Documents\hsi2ndresearch\Segregated Sentences and Parts\2. Page 5\Document_1\Image_05\C_01_W-01-02-03-04_R1111\Writer_03\Band_135.png,515,202,uint8,0,255,123.9928939
C:\Users\dell\Documents\hsi2ndresearch\Segregated Sentences and Parts\2. Page 5\Document_1\Image_05\C_01_W-01-02-03-04_R1111\Writer_03\Band_136.png,515,202,uint8,0,255,124.0707849
C:\Users\dell\Documents\hsi2ndresearch\Segregated Sentences and Parts\2. Page 5\Document_1\Image_05\C_01_W-01-02-03-04_R1111\Writer_03\Band_137.png,515,202,uint8,0,255,124.1520715
C:\Users\dell\Documents\hsi2ndresearch\Segregated Sentences and Parts\2. Page 5\Document_1\Image_05\C_01_W-01-02-03-04_R1111\Writer_03\Band_138.png,515,202,uint8,0,255,124.2051403
C:\Users\dell\Documents\hsi2ndresearch\Segregated Sentences and Parts\2. Page 5\Document_1\Image_05\C_01_W-01-02-03-04_R1111\Writer_03\Band_139.png,515,202,uint8,0,255,124.2088676
C:\Users\dell\Documents\hsi2ndresearch\Segregated Sentences and Parts\2. Page 5\Document_1\Image_05\C_01_W-01-02-03-04_R1111\Writer_03\Band_14.png,515,202,uint8,0,255,110.7099058
C:\Users\dell\Documents\hsi2ndresearch\Segregated Sentences and Parts\2. Page 5\Document_1\Image_05\C_01_W-01-02-03-04_R1111\Writer_03\Band_140.png,515,202,uint8,0,255,124.2229261
C:\Users\dell\Documents\hsi2ndresearch\Segregated Sentences and Parts\2. Page 5\Document_1\Image_05\C_01_W-01-02-03-04_R1111\Writer_03\Band_141.png,515,202,uint8,0,255,124.2819571
C:\Users\dell\Documents\hsi2ndresearch\Segregated Sentences and Parts\2. Page 5\Document_1\Image_05\C_01_W-01-02-03-04_R1111\Writer_03\Band_142.png,515,202,uint8,0,255,124.1304792
C:\Users\dell\Documents\hsi2ndresearch\Segregated Sentences and Parts\2. Page 5\Document_1\Image_05\C_01_W-01-02-03-04_R1111\Writer_03\Band_143.png,515,202,uint8,0,255,124.134639
C:\Users\dell\Documents\hsi2ndresearch\Segregated Sentences and Parts\2. Page 5\Document_1\Image_05\C_01_W-01-02-03-04_R1111\Writer_03\Band_144.png,515,202,uint8,0,255,124.2687566
C:\Users\dell\Documents\hsi2ndresearch\Segregated Sentences and Parts\2. Page 5\Document_1\Image_05\C_01_W-01-02-03-04_R1111\Writer_03\Band_145.png,515,202,uint8,0,255,124.279751
C:\Users\dell\Documents\hsi2ndresearch\Segregated Sentences and Parts\2. Page 5\Document_1\Image_05\C_01_W-01-02-03-04_R1111\Writer_03\Band_146.png,515,202,uint8,0,255,123.9092425
C:\Users\dell\Documents\hsi2ndresearch\Segregated Sentences and Parts\2. Page 5\Document_1\Image_05\C_01_W-01-02-03-04_R1111\Writer_03\Band_147.png,515,202,uint8,0,255,123.8790565
C:\Users\dell\Documents\hsi2ndresearch\Segregated Sentences and Parts\2. Page 5\Document_1\Image_05\C_01_W-01-02-03-04_R1111\Writer_03\Band_148.png,515,202,uint8,0,255,123.7107084
C:\Users\dell\Documents\hsi2ndresearch\Segregated Sentences and Parts\2. Page 5\Document_1\Image_05\C_01_W-01-02-03-04_R1111\Writer_03\Band_149.png,515,202,uint8,0,255,123.727319
C:\Users\dell\Documents\hsi2ndresearch\Segregated Sentences and Parts\2. Page 5\Document_1\Image_05\C_01_W-01-02-03-04_R1111\Writer_03\Band_15.png,515,202,uint8,0,255,110.4964553
C:\Users\dell\Documents\hsi2ndresearch\Segregated Sentences and Parts\2. Page 5\Document_1\Image_05\C_01_W-01-02-03-04_R1111\Writer_03\Band_16.png,515,202,uint8,0,255,112.5426728
C:\Users\dell\Documents\hsi2ndresearch\Segregated Sentences and Parts\2. Page 5\Document_1\Image_05\C_01_W-01-02-03-04_R1111\Writer_03\Band_17.png,515,202,uint8,0,255,112.8472292
C:\Users\dell\Documents\hsi2ndresearch\Segregated Sentences and Parts\2. Page 5\Document_1\Image_05\C_01_W-01-02-03-04_R1111\Writer_03\Band_18.png,515,202,uint8,0,255,113.8140104
C:\Users\dell\Documents\hsi2ndresearch\Segregated Sentences and Parts\2. Page 5\Document_1\Image_05\C_01_W-01-02-03-04_R1111\Writer_03\Band_19.png,515,202,uint8,0,255,113.7292848
C:\Users\dell\Documents\hsi2ndresearch\Segregated Sentences and Parts\2. Page 5\Document_1\Image_05\C_01_W-01-02-03-04_R1111\Writer_03\Band_2.png,515,202,uint8,0,255,112.7491805
C:\Users\dell\Documents\hsi2ndresearch\Segregated Sentences and Parts\2. Page 5\Document_1\Image_05\C_01_W-01-02-03-04_R1111\Writer_03\Band_20.png,515,202,uint8,0,255,111.9176271
C:\Users\dell\Documents\hsi2ndresearch\Segregated Sentences and Parts\2. Page 5\Document_1\Image_05\C_01_W-01-02-03-04_R1111\Writer_03\Band_21.png,515,202,uint8,0,255,114.1205205
C:\Users\dell\Documents\hsi2ndresearch\Segregated Sentences and Parts\2. Page 5\Document_1\Image_05\C_01_W-01-02-03-04_R1111\Writer_03\Band_22.png,515,202,uint8,0,255,116.8304768
C:\Users\dell\Documents\hsi2ndresearch\Segregated Sentences and Parts\2. Page 5\Document_1\Image_05\C_01_W-01-02-03-04_R1111\Writer_03\Band_23.png,515,202,uint8,0,255,117.1868764
C:\Users\dell\Documents\hsi2ndresearch\Segregated Sentences and Parts\2. Page 5\Document_1\Image_05\C_01_W-01-02-03-04_R1111\Writer_03\Band_24.png,515,202,uint8,0,255,117.1403249
C:\Users\dell\Documents\hsi2ndresearch\Segregated Sentences and Parts\2. Page 5\Document_1\Image_05\C_01_W-01-02-03-04_R1111\Writer_03\Band_25.png,515,202,uint8,0,255,116.6257209
C:\Users\dell\Documents\hsi2ndresearch\Segregated Sentences and Parts\2. Page 5\Document_1\Image_05\C_01_W-01-02-03-04_R1111\Writer_03\Band_26.png,515,202,uint8,0,255,116.3439465
C:\Users\dell\Documents\hsi2ndresearch\Segregated Sentences and Parts\2. Page 5\Document_1\Image_05\C_01_W-01-02-03-04_R1111\Writer_03\Band_27.png,515,202,uint8,0,255,116.5342041
C:\Users\dell\Documents\hsi2ndresearch\Segregated Sentences and Parts\2. Page 5\Document_1\Image_05\C_01_W-01-02-03-04_R1111\Writer_03\Band_28.png,515,202,uint8,0,255,115.8736879
C:\Users\dell\Documents\hsi2ndresearch\Segregated Sentences and Parts\2. Page 5\Document_1\Image_05\C_01_W-01-02-03-04_R1111\Writer_03\Band_29.png,515,202,uint8,0,255,117.8029463
C:\Users\dell\Documents\hsi2ndresearch\Segregated Sentences and Parts\2. Page 5\Document_1\Image_05\C_01_W-01-02-03-04_R1111\Writer_03\Band_3.png,515,202,uint8,0,255,113.8252427
C:\Users\dell\Documents\hsi2ndresearch\Segregated Sentences and Parts\2. Page 5\Document_1\Image_05\C_01_W-01-02-03-04_R1111\Writer_03\Band_30.png,515,202,uint8,0,255,117.4482625
C:\Users\dell\Documents\hsi2ndresearch\Segregated Sentences and Parts\2. Page 5\Document_1\Image_05\C_01_W-01-02-03-04_R1111\Writer_03\Band_31.png,515,202,uint8,0,255,116.4404955
C:\Users\dell\Documents\hsi2ndresearch\Segregated Sentences and Parts\2. Page 5\Document_1\Image_05\C_01_W-01-02-03-04_R1111\Writer_03\Band_32.png,515,202,uint8,0,255,115.7279054
C:\Users\dell\Documents\hsi2ndresearch\Segregated Sentences and Parts\2. Page 5\Document_1\Image_05\C_01_W-01-02-03-04_R1111\Writer_03\Band_33.png,515,202,uint8,0,255,117.8143516
C:\Users\dell\Documents\hsi2ndresearch\Segregated Sentences and Parts\2. Page 5\Document_1\Image_05\C_01_W-01-02-03-04_R1111\Writer_03\Band_34.png,515,202,uint8,0,255,118.3026266
C:\Users\dell\Documents\hsi2ndresearch\Segregated Sentences and Parts\2. Page 5\Document_1\Image_05\C_01_W-01-02-03-04_R1111\Writer_03\Band_35.png,515,202,uint8,0,255,118.5299841
C:\Users\dell\Documents\hsi2ndresearch\Segregated Sentences and Parts\2. Page 5\Document_1\Image_05\C_01_W-01-02-03-04_R1111\Writer_03\Band_36.png,515,202,uint8,0,255,118.1243439
C:\Users\dell\Documents\hsi2ndresearch\Segregated Sentences and Parts\2. Page 5\Document_1\Image_05\C_01_W-01-02-03-04_R1111\Writer_03\Band_37.png,515,202,uint8,0,255,118.0573825
C:\Users\dell\Documents\hsi2ndresearch\Segregated Sentences and Parts\2. Page 5\Document_1\Image_05\C_01_W-01-02-03-04_R1111\Writer_03\Band_38.png,515,202,uint8,0,255,118.0519033
C:\Users\dell\Documents\hsi2ndresearch\Segregated Sentences and Parts\2. Page 5\Document_1\Image_05\C_01_W-01-02-03-04_R1111\Writer_03\Band_39.png,515,202,uint8,0,255,118.4464698
C:\Users\dell\Documents\hsi2ndresearch\Segregated Sentences and Parts\2. Page 5\Document_1\Image_05\C_01_W-01-02-03-04_R1111\Writer_03\Band_4.png,515,202,uint8,0,255,114.8896184
C:\Users\dell\Documents\hsi2ndresearch\Segregated Sentences and Parts\2. Page 5\Document_1\Image_05\C_01_W-01-02-03-04_R1111\Writer_03\Band_40.png,515,202,uint8,0,255,118.4254181
C:\Users\dell\Documents\hsi2ndresearch\Segregated Sentences and Parts\2. Page 5\Document_1\Image_05\C_01_W-01-02-03-04_R1111\Writer_03\Band_41.png,515,202,uint8,0,255,118.326043
C:\Users\dell\Documents\hsi2ndresearch\Segregated Sentences and Parts\2. Page 5\Document_1\Image_05\C_01_W-01-02-03-04_R1111\Writer_03\Band_42.png,515,202,uint8,0,255,118.4167956
C:\Users\dell\Documents\hsi2ndresearch\Segregated Sentences and Parts\2. Page 5\Document_1\Image_05\C_01_W-01-02-03-04_R1111\Writer_03\Band_43.png,515,202,uint8,0,255,117.8669879
C:\Users\dell\Documents\hsi2ndresearch\Segregated Sentences and Parts\2. Page 5\Document_1\Image_05\C_01_W-01-02-03-04_R1111\Writer_03\Band_44.png,515,202,uint8,0,255,118.4898563
C:\Users\dell\Documents\hsi2ndresearch\Segregated Sentences and Parts\2. Page 5\Document_1\Image_05\C_01_W-01-02-03-04_R1111\Writer_03\Band_45.png,515,202,uint8,0,255,118.5346703
C:\Users\dell\Documents\hsi2ndresearch\Segregated Sentences and Parts\2. Page 5\Document_1\Image_05\C_01_W-01-02-03-04_R1111\Writer_03\Band_46.png,515,202,uint8,0,255,118.3944535
C:\Users\dell\Documents\hsi2ndresearch\Segregated Sentences and Parts\2. Page 5\Document_1\Image_05\C_01_W-01-02-03-04_R1111\Writer_03\Band_47.png,515,202,uint8,0,255,118.4089806
C:\Users\dell\Documents\hsi2ndresearch\Segregated Sentences and Parts\2. Page 5\Document_1\Image_05\C_01_W-01-02-03-04_R1111\Writer_03\Band_48.png,515,202,uint8,0,255,118.6459915
C:\Users\dell\Documents\hsi2ndresearch\Segregated Sentences and Parts\2. Page 5\Document_1\Image_05\C_01_W-01-02-03-04_R1111\Writer_03\Band_49.png,515,202,uint8,0,255,119.0698645
C:\Users\dell\Documents\hsi2ndresearch\Segregated Sentences and Parts\2. Page 5\Document_1\Image_05\C_01_W-01-02-03-04_R1111\Writer_03\Band_5.png,515,202,uint8,0,255,114.6152913
C:\Users\dell\Documents\hsi2ndresearch\Segregated Sentences and Parts\2. Page 5\Document_1\Image_05\C_01_W-01-02-03-04_R1111\Writer_03\Band_50.png,515,202,uint8,0,255,119.0843843
C:\Users\dell\Documents\hsi2ndresearch\Segregated Sentences and Parts\2. Page 5\Document_1\Image_05\C_01_W-01-02-03-04_R1111\Writer_03\Band_51.png,515,202,uint8,0,255,119.2492718
C:\Users\dell\Documents\hsi2ndresearch\Segregated Sentences and Parts\2. Page 5\Document_1\Image_05\C_01_W-01-02-03-04_R1111\Writer_03\Band_52.png,515,202,uint8,0,255,119.0459363
C:\Users\dell\Documents\hsi2ndresearch\Segregated Sentences and Parts\2. Page 5\Document_1\Image_05\C_01_W-01-02-03-04_R1111\Writer_03\Band_53.png,515,202,uint8,0,255,119.1103528
C:\Users\dell\Documents\hsi2ndresearch\Segregated Sentences and Parts\2. Page 5\Document_1\Image_05\C_01_W-01-02-03-04_R1111\Writer_03\Band_54.png,515,202,uint8,0,255,118.9139888
C:\Users\dell\Documents\hsi2ndresearch\Segregated Sentences and Parts\2. Page 5\Document_1\Image_05\C_01_W-01-02-03-04_R1111\Writer_03\Band_55.png,515,202,uint8,0,255,119.0073585
C:\Users\dell\Documents\hsi2ndresearch\Segregated Sentences and Parts\2. Page 5\Document_1\Image_05\C_01_W-01-02-03-04_R1111\Writer_03\Band_56.png,515,202,uint8,0,255,118.7309334
C:\Users\dell\Documents\hsi2ndresearch\Segregated Sentences and Parts\2. Page 5\Document_1\Image_05\C_01_W-01-02-03-04_R1111\Writer_03\Band_57.png,515,202,uint8,0,255,118.9464097
C:\Users\dell\Documents\hsi2ndresearch\Segregated Sentences and Parts\2. Page 5\Document_1\Image_05\C_01_W-01-02-03-04_R1111\Writer_03\Band_58.png,515,202,uint8,0,255,119.1592906
C:\Users\dell\Documents\hsi2ndresearch\Segregated Sentences and Parts\2. Page 5\Document_1\Image_05\C_01_W-01-02-03-04_R1111\Writer_03\Band_59.png,515,202,uint8,0,255,119.7970754
C:\Users\dell\Documents\hsi2ndresearch\Segregated Sentences and Parts\2. Page 5\Document_1\Image_05\C_01_W-01-02-03-04_R1111\Writer_03\Band_6.png,515,202,uint8,0,255,114.5170408
C:\Users\dell\Documents\hsi2ndresearch\Segregated Sentences and Parts\2. Page 5\Document_1\Image_05\C_01_W-01-02-03-04_R1111\Writer_03\Band_60.png,515,202,uint8,0,255,119.2694151
C:\Users\dell\Documents\hsi2ndresearch\Segregated Sentences and Parts\2. Page 5\Document_1\Image_05\C_01_W-01-02-03-04_R1111\Writer_03\Band_61.png,515,202,uint8,0,255,119.6001562
C:\Users\dell\Documents\hsi2ndresearch\Segregated Sentences and Parts\2. Page 5\Document_1\Image_05\C_01_W-01-02-03-04_R1111\Writer_03\Band_62.png,515,202,uint8,0,255,120.2547102
C:\Users\dell\Documents\hsi2ndresearch\Segregated Sentences and Parts\2. Page 5\Document_1\Image_05\C_01_W-01-02-03-04_R1111\Writer_03\Band_63.png,515,202,uint8,0,255,119.6971234
C:\Users\dell\Documents\hsi2ndresearch\Segregated Sentences and Parts\2. Page 5\Document_1\Image_05\C_01_W-01-02-03-04_R1111\Writer_03\Band_64.png,515,202,uint8,0,255,119.2451913
C:\Users\dell\Documents\hsi2ndresearch\Segregated Sentences and Parts\2. Page 5\Document_1\Image_05\C_01_W-01-02-03-04_R1111\Writer_03\Band_65.png,515,202,uint8,0,255,120.2164135
C:\Users\dell\Documents\hsi2ndresearch\Segregated Sentences and Parts\2. Page 5\Document_1\Image_05\C_01_W-01-02-03-04_R1111\Writer_03\Band_66.png,515,202,uint8,0,255,120.4223085
C:\Users\dell\Documents\hsi2ndresearch\Segregated Sentences and Parts\2. Page 5\Document_1\Image_05\C_01_W-01-02-03-04_R1111\Writer_03\Band_67.png,515,202,uint8,0,255,120.8464193
C:\Users\dell\Documents\hsi2ndresearch\Segregated Sentences and Parts\2. Page 5\Document_1\Image_05\C_01_W-01-02-03-04_R1111\Writer_03\Band_68.png,515,202,uint8,0,255,121.0825723
C:\Users\dell\Documents\hsi2ndresearch\Segregated Sentences and Parts\2. Page 5\Document_1\Image_05\C_01_W-01-02-03-04_R1111\Writer_03\Band_69.png,515,202,uint8,0,255,122.013847
C:\Users\dell\Documents\hsi2ndresearch\Segregated Sentences and Parts\2. Page 5\Document_1\Image_05\C_01_W-01-02-03-04_R1111\Writer_03\Band_7.png,515,202,uint8,0,255,115.6790541
C:\Users\dell\Documents\hsi2ndresearch\Segregated Sentences and Parts\2. Page 5\Document_1\Image_05\C_01_W-01-02-03-04_R1111\Writer_03\Band_70.png,515,202,uint8,0,255,122.1430333
C:\Users\dell\Documents\hsi2ndresearch\Segregated Sentences and Parts\2. Page 5\Document_1\Image_05\C_01_W-01-02-03-04_R1111\Writer_03\Band_71.png,515,202,uint8,0,255,122.2582837
C:\Users\dell\Documents\hsi2ndresearch\Segregated Sentences and Parts\2. Page 5\Document_1\Image_05\C_01_W-01-02-03-04_R1111\Writer_03\Band_72.png,515,202,uint8,0,255,122.3296213
C:\Users\dell\Documents\hsi2ndresearch\Segregated Sentences and Parts\2. Page 5\Document_1\Image_05\C_01_W-01-02-03-04_R1111\Writer_03\Band_73.png,515,202,uint8,0,255,122.2038811
C:\Users\dell\Documents\hsi2ndresearch\Segregated Sentences and Parts\2. Page 5\Document_1\Image_05\C_01_W-01-02-03-04_R1111\Writer_03\Band_74.png,515,202,uint8,0,255,122.0886235
C:\Users\dell\Documents\hsi2ndresearch\Segregated Sentences and Parts\2. Page 5\Document_1\Image_05\C_01_W-01-02-03-04_R1111\Writer_03\Band_75.png,515,202,uint8,0,255,122.310199
C:\Users\dell\Documents\hsi2ndresearch\Segregated Sentences and Parts\2. Page 5\Document_1\Image_05\C_01_W-01-02-03-04_R1111\Writer_03\Band_76.png,515,202,uint8,0,255,122.6919903
C:\Users\dell\Documents\hsi2ndresearch\Segregated Sentences and Parts\2. Page 5\Document_1\Image_05\C_01_W-01-02-03-04_R1111\Writer_03\Band_77.png,515,202,uint8,0,255,123.2104657
C:\Users\dell\Documents\hsi2ndresearch\Segregated Sentences and Parts\2. Page 5\Document_1\Image_05\C_01_W-01-02-03-04_R1111\Writer_03\Band_78.png,515,202,uint8,0,255,123.31191
C:\Users\dell\Documents\hsi2ndresearch\Segregated Sentences and Parts\2. Page 5\Document_1\Image_05\C_01_W-01-02-03-04_R1111\Writer_03\Band_79.png,515,202,uint8,0,255,123.4857373
C:\Users\dell\Documents\hsi2ndresearch\Segregated Sentences and Parts\2. Page 5\Document_1\Image_05\C_01_W-01-02-03-04_R1111\Writer_03\Band_8.png,515,202,uint8,0,255,114.7797318
C:\Users\dell\Documents\hsi2ndresearch\Segregated Sentences and Parts\2. Page 5\Document_1\Image_05\C_01_W-01-02-03-04_R1111\Writer_03\Band_80.png,515,202,uint8,0,255,123.5412285
C:\Users\dell\Documents\hsi2ndresearch\Segregated Sentences and Parts\2. Page 5\Document_1\Image_05\C_01_W-01-02-03-04_R1111\Writer_03\Band_81.png,515,202,uint8,0,255,123.5918821
C:\Users\dell\Documents\hsi2ndresearch\Segregated Sentences and Parts\2. Page 5\Document_1\Image_05\C_01_W-01-02-03-04_R1111\Writer_03\Band_82.png,515,202,uint8,0,255,123.6138277
C:\Users\dell\Documents\hsi2ndresearch\Segregated Sentences and Parts\2. Page 5\Document_1\Image_05\C_01_W-01-02-03-04_R1111\Writer_03\Band_83.png,515,202,uint8,0,255,123.5329809
C:\Users\dell\Documents\hsi2ndresearch\Segregated Sentences and Parts\2. Page 5\Document_1\Image_05\C_01_W-01-02-03-04_R1111\Writer_03\Band_84.png,515,202,uint8,0,255,123.7735317
C:\Users\dell\Documents\hsi2ndresearch\Segregated Sentences and Parts\2. Page 5\Document_1\Image_05\C_01_W-01-02-03-04_R1111\Writer_03\Band_85.png,515,202,uint8,0,255,124.0077021
C:\Users\dell\Documents\hsi2ndresearch\Segregated Sentences and Parts\2. Page 5\Document_1\Image_05\C_01_W-01-02-03-04_R1111\Writer_03\Band_86.png,515,202,uint8,0,255,123.9476545
C:\Users\dell\Documents\hsi2ndresearch\Segregated Sentences and Parts\2. Page 5\Document_1\Image_05\C_01_W-01-02-03-04_R1111\Writer_03\Band_87.png,515,202,uint8,0,255,124.1388998
C:\Users\dell\Documents\hsi2ndresearch\Segregated Sentences and Parts\2. Page 5\Document_1\Image_05\C_01_W-01-02-03-04_R1111\Writer_03\Band_88.png,515,202,uint8,0,255,124.2549793
C:\Users\dell\Documents\hsi2ndresearch\Segregated Sentences and Parts\2. Page 5\Document_1\Image_05\C_01_W-01-02-03-04_R1111\Writer_03\Band_89.png,515,202,uint8,0,255,123.9217726
C:\Users\dell\Documents\hsi2ndresearch\Segregated Sentences and Parts\2. Page 5\Document_1\Image_05\C_01_W-01-02-03-04_R1111\Writer_03\Band_9.png,515,202,uint8,0,255,114.8515957
C:\Users\dell\Documents\hsi2ndresearch\Segregated Sentences and Parts\2. Page 5\Document_1\Image_05\C_01_W-01-02-03-04_R1111\Writer_03\Band_90.png,515,202,uint8,0,255,124.0298207
C:\Users\dell\Documents\hsi2ndresearch\Segregated Sentences and Parts\2. Page 5\Document_1\Image_05\C_01_W-01-02-03-04_R1111\Writer_03\Band_91.png,515,202,uint8,0,255,124.2487359
C:\Users\dell\Documents\hsi2ndresearch\Segregated Sentences and Parts\2. Page 5\Document_1\Image_05\C_01_W-01-02-03-04_R1111\Writer_03\Band_92.png,515,202,uint8,0,255,124.3495602
C:\Users\dell\Documents\hsi2ndresearch\Segregated Sentences and Parts\2. Page 5\Document_1\Image_05\C_01_W-01-02-03-04_R1111\Writer_03\Band_93.png,515,202,uint8,0,255,124.3566327
C:\Users\dell\Documents\hsi2ndresearch\Segregated Sentences and Parts\2. Page 5\Document_1\Image_05\C_01_W-01-02-03-04_R1111\Writer_03\Band_94.png,515,202,uint8,0,255,124.3640584
C:\Users\dell\Documents\hsi2ndresearch\Segregated Sentences and Parts\2. Page 5\Document_1\Image_05\C_01_W-01-02-03-04_R1111\Writer_03\Band_95.png,515,202,uint8,0,255,124.2950711
C:\Users\dell\Documents\hsi2ndresearch\Segregated Sentences and Parts\2. Page 5\Document_1\Image_05\C_01_W-01-02-03-04_R1111\Writer_03\Band_96.png,515,202,uint8,0,255,124.2562987
C:\Users\dell\Documents\hsi2ndresearch\Segregated Sentences and Parts\2. Page 5\Document_1\Image_05\C_01_W-01-02-03-04_R1111\Writer_03\Band_97.png,515,202,uint8,0,255,124.2392411
C:\Users\dell\Documents\hsi2ndresearch\Segregated Sentences and Parts\2. Page 5\Document_1\Image_05\C_01_W-01-02-03-04_R1111\Writer_03\Band_98.png,515,202,uint8,0,255,124.1612347
C:\Users\dell\Documents\hsi2ndresearch\Segregated Sentences and Parts\2. Page 5\Document_1\Image_05\C_01_W-01-02-03-04_R1111\Writer_03\Band_99.png,515,202,uint8,0,255,124.0457032
C:\Users\dell\Documents\hsi2ndresearch\Segregated Sentences and Parts\2. Page 5\Document_1\Image_05\C_02_W-01-02-03-04_R1111\Combined\Band_1.png,515,67,uint8,0,255,140.7435806
C:\Users\dell\Documents\hsi2ndresearch\Segregated Sentences and Parts\2. Page 5\Document_1\Image_05\C_02_W-01-02-03-04_R1111\Combined\Band_10.png,515,67,uint8,0,255,140.6190335
C:\Users\dell\Documents\hsi2ndresearch\Segregated Sentences and Parts\2. Page 5\Document_1\Image_05\C_02_W-01-02-03-04_R1111\Combined\Band_100.png,515,67,uint8,0,255,147.2610491
C:\Users\dell\Documents\hsi2ndresearch\Segregated Sentences and Parts\2. Page 5\Document_1\Image_05\C_02_W-01-02-03-04_R1111\Combined\Band_101.png,515,67,uint8,0,255,147.2828503
C:\Users\dell\Documents\hsi2ndresearch\Segregated Sentences and Parts\2. Page 5\Document_1\Image_05\C_02_W-01-02-03-04_R1111\Combined\Band_102.png,515,67,uint8,0,255,147.3272569
C:\Users\dell\Documents\hsi2ndresearch\Segregated Sentences and Parts\2. Page 5\Document_1\Image_05\C_02_W-01-02-03-04_R1111\Combined\Band_103.png,515,67,uint8,0,255,147.4023113
C:\Users\dell\Documents\hsi2ndresearch\Segregated Sentences and Parts\2. Page 5\Document_1\Image_05\C_02_W-01-02-03-04_R1111\Combined\Band_104.png,515,67,uint8,0,255,147.4591508
C:\Users\dell\Documents\hsi2ndresearch\Segregated Sentences and Parts\2. Page 5\Document_1\Image_05\C_02_W-01-02-03-04_R1111\Combined\Band_105.png,515,67,uint8,0,255,147.5121866
C:\Users\dell\Documents\hsi2ndresearch\Segregated Sentences and Parts\2. Page 5\Document_1\Image_05\C_02_W-01-02-03-04_R1111\Combined\Band_106.png,515,67,uint8,0,255,147.5667222
C:\Users\dell\Documents\hsi2ndresearch\Segregated Sentences and Parts\2. Page 5\Document_1\Image_05\C_02_W-01-02-03-04_R1111\Combined\Band_107.png,515,67,uint8,0,255,147.6001956
C:\Users\dell\Documents\hsi2ndresearch\Segregated Sentences and Parts\2. Page 5\Document_1\Image_05\C_02_W-01-02-03-04_R1111\Combined\Band_108.png,515,67,uint8,0,255,147.59374
C:\Users\dell\Documents\hsi2ndresearch\Segregated Sentences and Parts\2. Page 5\Document_1\Image_05\C_02_W-01-02-03-04_R1111\Combined\Band_109.png,515,67,uint8,0,255,147.5804811
C:\Users\dell\Documents\hsi2ndresearch\Segregated Sentences and Parts\2. Page 5\Document_1\Image_05\C_02_W-01-02-03-04_R1111\Combined\Band_11.png,515,67,uint8,0,255,141.258593
C:\Users\dell\Documents\hsi2ndresearch\Segregated Sentences and Parts\2. Page 5\Document_1\Image_05\C_02_W-01-02-03-04_R1111\Combined\Band_110.png,515,67,uint8,0,255,147.4725837
C:\Users\dell\Documents\hsi2ndresearch\Segregated Sentences and Parts\2. Page 5\Document_1\Image_05\C_02_W-01-02-03-04_R1111\Combined\Band_111.png,515,67,uint8,0,255,147.1877989
C:\Users\dell\Documents\hsi2ndresearch\Segregated Sentences and Parts\2. Page 5\Document_1\Image_05\C_02_W-01-02-03-04_R1111\Combined\Band_112.png,515,67,uint8,0,255,147.1954282
C:\Users\dell\Documents\hsi2ndresearch\Segregated Sentences and Parts\2. Page 5\Document_1\Image_05\C_02_W-01-02-03-04_R1111\Combined\Band_113.png,515,67,uint8,0,255,147.3562527
C:\Users\dell\Documents\hsi2ndresearch\Segregated Sentences and Parts\2. Page 5\Document_1\Image_05\C_02_W-01-02-03-04_R1111\Combined\Band_114.png,515,67,uint8,0,255,147.3619041
C:\Users\dell\Documents\hsi2ndresearch\Segregated Sentences and Parts\2. Page 5\Document_1\Image_05\C_02_W-01-02-03-04_R1111\Combined\Band_115.png,515,67,uint8,0,255,147.335647
C:\Users\dell\Documents\hsi2ndresearch\Segregated Sentences and Parts\2. Page 5\Document_1\Image_05\C_02_W-01-02-03-04_R1111\Combined\Band_116.png,515,67,uint8,0,255,147.3908564
C:\Users\dell\Documents\hsi2ndresearch\Segregated Sentences and Parts\2. Page 5\Document_1\Image_05\C_02_W-01-02-03-04_R1111\Combined\Band_117.png,515,67,uint8,0,255,147.3695986
C:\Users\dell\Documents\hsi2ndresearch\Segregated Sentences and Parts\2. Page 5\Document_1\Image_05\C_02_W-01-02-03-04_R1111\Combined\Band_118.png,515,67,uint8,0,255,147.3209317
C:\Users\dell\Documents\hsi2ndresearch\Segregated Sentences and Parts\2. Page 5\Document_1\Image_05\C_02_W-01-02-03-04_R1111\Combined\Band_119.png,515,67,uint8,0,255,147.4335241
C:\Users\dell\Documents\hsi2ndresearch\Segregated Sentences and Parts\2. Page 5\Document_1\Image_05\C_02_W-01-02-03-04_R1111\Combined\Band_12.png,515,67,uint8,0,255,141.1677366
C:\Users\dell\Documents\hsi2ndresearch\Segregated Sentences and Parts\2. Page 5\Document_1\Image_05\C_02_W-01-02-03-04_R1111\Combined\Band_120.png,515,67,uint8,0,255,147.517838
C:\Users\dell\Documents\hsi2ndresearch\Segregated Sentences and Parts\2. Page 5\Document_1\Image_05\C_02_W-01-02-03-04_R1111\Combined\Band_121.png,515,67,uint8,0,255,147.4913636
C:\Users\dell\Documents\hsi2ndresearch\Segregated Sentences and Parts\2. Page 5\Document_1\Image_05\C_02_W-01-02-03-04_R1111\Combined\Band_122.png,515,67,uint8,0,255,147.5033184
C:\Users\dell\Documents\hsi2ndresearch\Segregated Sentences and Parts\2. Page 5\Document_1\Image_05\C_02_W-01-02-03-04_R1111\Combined\Band_123.png,515,67,uint8,0,255,147.4359368
C:\Users\dell\Documents\hsi2ndresearch\Segregated Sentences and Parts\2. Page 5\Document_1\Image_05\C_02_W-01-02-03-04_R1111\Combined\Band_124.png,515,67,uint8,0,255,147.4639762
C:\Users\dell\Documents\hsi2ndresearch\Segregated Sentences and Parts\2. Page 5\Document_1\Image_05\C_02_W-01-02-03-04_R1111\Combined\Band_125.png,515,67,uint8,0,255,147.4706492
C:\Users\dell\Documents\hsi2ndresearch\Segregated Sentences and Parts\2. Page 5\Document_1\Image_05\C_02_W-01-02-03-04_R1111\Combined\Band_126.png,515,67,uint8,0,255,147.4959933
C:\Users\dell\Documents\hsi2ndresearch\Segregated Sentences and Parts\2. Page 5\Document_1\Image_05\C_02_W-01-02-03-04_R1111\Combined\Band_127.png,515,67,uint8,0,255,147.5336618
C:\Users\dell\Documents\hsi2ndresearch\Segregated Sentences and Parts\2. Page 5\Document_1\Image_05\C_02_W-01-02-03-04_R1111\Combined\Band_128.png,515,67,uint8,0,255,147.6166063
C:\Users\dell\Documents\hsi2ndresearch\Segregated Sentences and Parts\2. Page 5\Document_1\Image_05\C_02_W-01-02-03-04_R1111\Combined\Band_129.png,515,67,uint8,0,255,147.6886828
C:\Users\dell\Documents\hsi2ndresearch\Segregated Sentences and Parts\2. Page 5\Document_1\Image_05\C_02_W-01-02-03-04_R1111\Combined\Band_13.png,515,67,uint8,0,255,140.0947399
C:\Users\dell\Documents\hsi2ndresearch\Segregated Sentences and Parts\2. Page 5\Document_1\Image_05\C_02_W-01-02-03-04_R1111\Combined\Band_130.png,515,67,uint8,0,255,147.6766845
C:\Users\dell\Documents\hsi2ndresearch\Segregated Sentences and Parts\2. Page 5\Document_1\Image_05\C_02_W-01-02-03-04_R1111\Combined\Band_131.png,515,67,uint8,0,255,147.5650268
C:\Users\dell\Documents\hsi2ndresearch\Segregated Sentences and Parts\2. Page 5\Document_1\Image_05\C_02_W-01-02-03-04_R1111\Combined\Band_132.png,515,67,uint8,0,255,147.4189175
C:\Users\dell\Documents\hsi2ndresearch\Segregated Sentences and Parts\2. Page 5\Document_1\Image_05\C_02_W-01-02-03-04_R1111\Combined\Band_133.png,515,67,uint8,0,255,147.3110636
C:\Users\dell\Documents\hsi2ndresearch\Segregated Sentences and Parts\2. Page 5\Document_1\Image_05\C_02_W-01-02-03-04_R1111\Combined\Band_134.png,515,67,uint8,0,255,147.2809593
C:\Users\dell\Documents\hsi2ndresearch\Segregated Sentences and Parts\2. Page 5\Document_1\Image_05\C_02_W-01-02-03-04_R1111\Combined\Band_135.png,515,67,uint8,0,255,146.9322707
C:\Users\dell\Documents\hsi2ndresearch\Segregated Sentences and Parts\2. Page 5\Document_1\Image_05\C_02_W-01-02-03-04_R1111\Combined\Band_136.png,515,67,uint8,0,255,147.0816621
C:\Users\dell\Documents\hsi2ndresearch\Segregated Sentences and Parts\2. Page 5\Document_1\Image_05\C_02_W-01-02-03-04_R1111\Combined\Band_137.png,515,67,uint8,0,255,147.2490943
C:\Users\dell\Documents\hsi2ndresearch\Segregated Sentences and Parts\2. Page 5\Document_1\Image_05\C_02_W-01-02-03-04_R1111\Combined\Band_138.png,515,67,uint8,0,255,147.4258079
C:\Users\dell\Documents\hsi2ndresearch\Segregated Sentences and Parts\2. Page 5\Document_1\Image_05\C_02_W-01-02-03-04_R1111\Combined\Band_139.png,515,67,uint8,0,255,147.4350022
C:\Users\dell\Documents\hsi2ndresearch\Segregated Sentences and Parts\2. Page 5\Document_1\Image_05\C_02_W-01-02-03-04_R1111\Combined\Band_14.png,515,67,uint8,0,255,138.7008767
C:\Users\dell\Documents\hsi2ndresearch\Segregated Sentences and Parts\2. Page 5\Document_1\Image_05\C_02_W-01-02-03-04_R1111\Combined\Band_140.png,515,67,uint8,0,255,147.4098536
C:\Users\dell\Documents\hsi2ndresearch\Segregated Sentences and Parts\2. Page 5\Document_1\Image_05\C_02_W-01-02-03-04_R1111\Combined\Band_141.png,515,67,uint8,0,255,147.4313288
C:\Users\dell\Documents\hsi2ndresearch\Segregated Sentences and Parts\2. Page 5\Document_1\Image_05\C_02_W-01-02-03-04_R1111\Combined\Band_142.png,515,67,uint8,0,255,147.4711056
C:\Users\dell\Documents\hsi2ndresearch\Segregated Sentences and Parts\2. Page 5\Document_1\Image_05\C_02_W-01-02-03-04_R1111\Combined\Band_143.png,515,67,uint8,0,255,147.4840603
C:\Users\dell\Documents\hsi2ndresearch\Segregated Sentences and Parts\2. Page 5\Document_1\Image_05\C_02_W-01-02-03-04_R1111\Combined\Band_144.png,515,67,uint8,0,255,147.4798652
C:\Users\dell\Documents\hsi2ndresearch\Segregated Sentences and Parts\2. Page 5\Document_1\Image_05\C_02_W-01-02-03-04_R1111\Combined\Band_145.png,515,67,uint8,0,255,147.4339806
C:\Users\dell\Documents\hsi2ndresearch\Segregated Sentences and Parts\2. Page 5\Document_1\Image_05\C_02_W-01-02-03-04_R1111\Combined\Band_146.png,515,67,uint8,0,255,147.2388567
C:\Users\dell\Documents\hsi2ndresearch\Segregated Sentences and Parts\2. Page 5\Document_1\Image_05\C_02_W-01-02-03-04_R1111\Combined\Band_147.png,515,67,uint8,0,255,147.1111361
C:\Users\dell\Documents\hsi2ndresearch\Segregated Sentences and Parts\2. Page 5\Document_1\Image_05\C_02_W-01-02-03-04_R1111\Combined\Band_148.png,515,67,uint8,0,255,147.0537966
C:\Users\dell\Documents\hsi2ndresearch\Segregated Sentences and Parts\2. Page 5\Document_1\Image_05\C_02_W-01-02-03-04_R1111\Combined\Band_149.png,515,67,uint8,0,255,146.9985872
C:\Users\dell\Documents\hsi2ndresearch\Segregated Sentences and Parts\2. Page 5\Document_1\Image_05\C_02_W-01-02-03-04_R1111\Combined\Band_15.png,515,67,uint8,0,255,139.9667584
C:\Users\dell\Documents\hsi2ndresearch\Segregated Sentences and Parts\2. Page 5\Document_1\Image_05\C_02_W-01-02-03-04_R1111\Combined\Band_16.png,515,67,uint8,0,255,140.4563397
C:\Users\dell\Documents\hsi2ndresearch\Segregated Sentences and Parts\2. Page 5\Document_1\Image_05\C_02_W-01-02-03-04_R1111\Combined\Band_17.png,515,67,uint8,0,255,141.7785393
C:\Users\dell\Documents\hsi2ndresearch\Segregated Sentences and Parts\2. Page 5\Document_1\Image_05\C_02_W-01-02-03-04_R1111\Combined\Band_18.png,515,67,uint8,0,255,141.2606144
C:\Users\dell\Documents\hsi2ndresearch\Segregated Sentences and Parts\2. Page 5\Document_1\Image_05\C_02_W-01-02-03-04_R1111\Combined\Band_19.png,515,67,uint8,0,255,140.5384799
C:\Users\dell\Documents\hsi2ndresearch\Segregated Sentences and Parts\2. Page 5\Document_1\Image_05\C_02_W-01-02-03-04_R1111\Combined\Band_2.png,515,67,uint8,0,255,141.8070135
C:\Users\dell\Documents\hsi2ndresearch\Segregated Sentences and Parts\2. Page 5\Document_1\Image_05\C_02_W-01-02-03-04_R1111\Combined\Band_20.png,515,67,uint8,0,255,140.4822707
C:\Users\dell\Documents\hsi2ndresearch\Segregated Sentences and Parts\2. Page 5\Document_1\Image_05\C_02_W-01-02-03-04_R1111\Combined\Band_21.png,515,67,uint8,0,255,141.1724315
C:\Users\dell\Documents\hsi2ndresearch\Segregated Sentences and Parts\2. Page 5\Document_1\Image_05\C_02_W-01-02-03-04_R1111\Combined\Band_22.png,515,67,uint8,0,255,142.648109
C:\Users\dell\Documents\hsi2ndresearch\Segregated Sentences and Parts\2. Page 5\Document_1\Image_05\C_02_W-01-02-03-04_R1111\Combined\Band_23.png,515,67,uint8,0,255,142.9530213
C:\Users\dell\Documents\hsi2ndresearch\Segregated Sentences and Parts\2. Page 5\Document_1\Image_05\C_02_W-01-02-03-04_R1111\Combined\Band_24.png,515,67,uint8,0,255,142.8991595
C:\Users\dell\Documents\hsi2ndresearch\Segregated Sentences and Parts\2. Page 5\Document_1\Image_05\C_02_W-01-02-03-04_R1111\Combined\Band_25.png,515,67,uint8,0,255,142.789458
C:\Users\dell\Documents\hsi2ndresearch\Segregated Sentences and Parts\2. Page 5\Document_1\Image_05\C_02_W-01-02-03-04_R1111\Combined\Band_26.png,515,67,uint8,0,255,142.7366179
C:\Users\dell\Documents\hsi2ndresearch\Segregated Sentences and Parts\2. Page 5\Document_1\Image_05\C_02_W-01-02-03-04_R1111\Combined\Band_27.png,515,67,uint8,0,255,142.5477974
C:\Users\dell\Documents\hsi2ndresearch\Segregated Sentences and Parts\2. Page 5\Document_1\Image_05\C_02_W-01-02-03-04_R1111\Combined\Band_28.png,515,67,uint8,0,255,142.572033
C:\Users\dell\Documents\hsi2ndresearch\Segregated Sentences and Parts\2. Page 5\Document_1\Image_05\C_02_W-01-02-03-04_R1111\Combined\Band_29.png,515,67,uint8,0,255,142.9573033
C:\Users\dell\Documents\hsi2ndresearch\Segregated Sentences and Parts\2. Page 5\Document_1\Image_05\C_02_W-01-02-03-04_R1111\Combined\Band_3.png,515,67,uint8,0,255,141.4987973
C:\Users\dell\Documents\hsi2ndresearch\Segregated Sentences and Parts\2. Page 5\Document_1\Image_05\C_02_W-01-02-03-04_R1111\Combined\Band_30.png,515,67,uint8,0,255,142.7835676
C:\Users\dell\Documents\hsi2ndresearch\Segregated Sentences and Parts\2. Page 5\Document_1\Image_05\C_02_W-01-02-03-04_R1111\Combined\Band_31.png,515,67,uint8,0,255,142.6407622
C:\Users\dell\Documents\hsi2ndresearch\Segregated Sentences and Parts\2. Page 5\Document_1\Image_05\C_02_W-01-02-03-04_R1111\Combined\Band_32.png,515,67,uint8,0,255,142.3446529
C:\Users\dell\Documents\hsi2ndresearch\Segregated Sentences and Parts\2. Page 5\Document_1\Image_05\C_02_W-01-02-03-04_R1111\Combined\Band_33.png,515,67,uint8,0,255,143.0283799
C:\Users\dell\Documents\hsi2ndresearch\Segregated Sentences and Parts\2. Page 5\Document_1\Image_05\C_02_W-01-02-03-04_R1111\Combined\Band_34.png,515,67,uint8,0,255,143.4775105
C:\Users\dell\Documents\hsi2ndresearch\Segregated Sentences and Parts\2. Page 5\Document_1\Image_05\C_02_W-01-02-03-04_R1111\Combined\Band_35.png,515,67,uint8,0,255,143.5066802
C:\Users\dell\Documents\hsi2ndresearch\Segregated Sentences and Parts\2. Page 5\Document_1\Image_05\C_02_W-01-02-03-04_R1111\Combined\Band_36.png,515,67,uint8,0,255,143.2144399
C:\Users\dell\Documents\hsi2ndresearch\Segregated Sentences and Parts\2. Page 5\Document_1\Image_05\C_02_W-01-02-03-04_R1111\Combined\Band_37.png,515,67,uint8,0,255,143.2132445
C:\Users\dell\Documents\hsi2ndresearch\Segregated Sentences and Parts\2. Page 5\Document_1\Image_05\C_02_W-01-02-03-04_R1111\Combined\Band_38.png,515,67,uint8,0,255,142.8710549
C:\Users\dell\Documents\hsi2ndresearch\Segregated Sentences and Parts\2. Page 5\Document_1\Image_05\C_02_W-01-02-03-04_R1111\Combined\Band_39.png,515,67,uint8,0,255,143.4893349
C:\Users\dell\Documents\hsi2ndresearch\Segregated Sentences and Parts\2. Page 5\Document_1\Image_05\C_02_W-01-02-03-04_R1111\Combined\Band_4.png,515,67,uint8,0,255,141.9246703
C:\Users\dell\Documents\hsi2ndresearch\Segregated Sentences and Parts\2. Page 5\Document_1\Image_05\C_02_W-01-02-03-04_R1111\Combined\Band_40.png,515,67,uint8,0,255,143.7933343
C:\Users\dell\Documents\hsi2ndresearch\Segregated Sentences and Parts\2. Page 5\Document_1\Image_05\C_02_W-01-02-03-04_R1111\Combined\Band_41.png,515,67,uint8,0,255,143.7306043
C:\Users\dell\Documents\hsi2ndresearch\Segregated Sentences and Parts\2. Page 5\Document_1\Image_05\C_02_W-01-02-03-04_R1111\Combined\Band_42.png,515,67,uint8,0,255,143.6553108
C:\Users\dell\Documents\hsi2ndresearch\Segregated Sentences and Parts\2. Page 5\Document_1\Image_05\C_02_W-01-02-03-04_R1111\Combined\Band_43.png,515,67,uint8,0,255,143.5256557
C:\Users\dell\Documents\hsi2ndresearch\Segregated Sentences and Parts\2. Page 5\Document_1\Image_05\C_02_W-01-02-03-04_R1111\Combined\Band_44.png,515,67,uint8,0,255,143.5514563
C:\Users\dell\Documents\hsi2ndresearch\Segregated Sentences and Parts\2. Page 5\Document_1\Image_05\C_02_W-01-02-03-04_R1111\Combined\Band_45.png,515,67,uint8,0,255,143.7087379
C:\Users\dell\Documents\hsi2ndresearch\Segregated Sentences and Parts\2. Page 5\Document_1\Image_05\C_02_W-01-02-03-04_R1111\Combined\Band_46.png,515,67,uint8,0,255,143.6750688
C:\Users\dell\Documents\hsi2ndresearch\Segregated Sentences and Parts\2. Page 5\Document_1\Image_05\C_02_W-01-02-03-04_R1111\Combined\Band_47.png,515,67,uint8,0,255,143.4835531
C:\Users\dell\Documents\hsi2ndresearch\Segregated Sentences and Parts\2. Page 5\Document_1\Image_05\C_02_W-01-02-03-04_R1111\Combined\Band_48.png,515,67,uint8,0,255,143.5020287
C:\Users\dell\Documents\hsi2ndresearch\Segregated Sentences and Parts\2. Page 5\Document_1\Image_05\C_02_W-01-02-03-04_R1111\Combined\Band_49.png,515,67,uint8,0,255,143.4203449
C:\Users\dell\Documents\hsi2ndresearch\Segregated Sentences and Parts\2. Page 5\Document_1\Image_05\C_02_W-01-02-03-04_R1111\Combined\Band_5.png,515,67,uint8,0,255,141.8444428
C:\Users\dell\Documents\hsi2ndresearch\Segregated Sentences and Parts\2. Page 5\Document_1\Image_05\C_02_W-01-02-03-04_R1111\Combined\Band_50.png,515,67,uint8,0,255,143.8116577
C:\Users\dell\Documents\hsi2ndresearch\Segregated Sentences and Parts\2. Page 5\Document_1\Image_05\C_02_W-01-02-03-04_R1111\Combined\Band_51.png,515,67,uint8,0,255,143.6761339
C:\Users\dell\Documents\hsi2ndresearch\Segregated Sentences and Parts\2. Page 5\Document_1\Image_05\C_02_W-01-02-03-04_R1111\Combined\Band_52.png,515,67,uint8,0,255,143.8188089
C:\Users\dell\Documents\hsi2ndresearch\Segregated Sentences and Parts\2. Page 5\Document_1\Image_05\C_02_W-01-02-03-04_R1111\Combined\Band_53.png,515,67,uint8,0,255,144.1095711
C:\Users\dell\Documents\hsi2ndresearch\Segregated Sentences and Parts\2. Page 5\Document_1\Image_05\C_02_W-01-02-03-04_R1111\Combined\Band_54.png,515,67,uint8,0,255,143.9462469
C:\Users\dell\Documents\hsi2ndresearch\Segregated Sentences and Parts\2. Page 5\Document_1\Image_05\C_02_W-01-02-03-04_R1111\Combined\Band_55.png,515,67,uint8,0,255,143.8954717
C:\Users\dell\Documents\hsi2ndresearch\Segregated Sentences and Parts\2. Page 5\Document_1\Image_05\C_02_W-01-02-03-04_R1111\Combined\Band_56.png,515,67,uint8,0,255,143.9140994
C:\Users\dell\Documents\hsi2ndresearch\Segregated Sentences and Parts\2. Page 5\Document_1\Image_05\C_02_W-01-02-03-04_R1111\Combined\Band_57.png,515,67,uint8,0,255,143.8464353
C:\Users\dell\Documents\hsi2ndresearch\Segregated Sentences and Parts\2. Page 5\Document_1\Image_05\C_02_W-01-02-03-04_R1111\Combined\Band_58.png,515,67,uint8,0,255,144.3170627
C:\Users\dell\Documents\hsi2ndresearch\Segregated Sentences and Parts\2. Page 5\Document_1\Image_05\C_02_W-01-02-03-04_R1111\Combined\Band_59.png,515,67,uint8,0,255,144.3544269
C:\Users\dell\Documents\hsi2ndresearch\Segregated Sentences and Parts\2. Page 5\Document_1\Image_05\C_02_W-01-02-03-04_R1111\Combined\Band_6.png,515,67,uint8,0,255,142.1897841
C:\Users\dell\Documents\hsi2ndresearch\Segregated Sentences and Parts\2. Page 5\Document_1\Image_05\C_02_W-01-02-03-04_R1111\Combined\Band_60.png,515,67,uint8,0,255,144.4823866
C:\Users\dell\Documents\hsi2ndresearch\Segregated Sentences and Parts\2. Page 5\Document_1\Image_05\C_02_W-01-02-03-04_R1111\Combined\Band_61.png,515,67,uint8,0,255,144.5454862
C:\Users\dell\Documents\hsi2ndresearch\Segregated Sentences and Parts\2. Page 5\Document_1\Image_05\C_02_W-01-02-03-04_R1111\Combined\Band_62.png,515,67,uint8,0,255,144.1822562
C:\Users\dell\Documents\hsi2ndresearch\Segregated Sentences and Parts\2. Page 5\Document_1\Image_05\C_02_W-01-02-03-04_R1111\Combined\Band_63.png,515,67,uint8,0,255,144.5066657
C:\Users\dell\Documents\hsi2ndresearch\Segregated Sentences and Parts\2. Page 5\Document_1\Image_05\C_02_W-01-02-03-04_R1111\Combined\Band_64.png,515,67,uint8,0,255,144.6243008
C:\Users\dell\Documents\hsi2ndresearch\Segregated Sentences and Parts\2. Page 5\Document_1\Image_05\C_02_W-01-02-03-04_R1111\Combined\Band_65.png,515,67,uint8,0,255,144.8475293
C:\Users\dell\Documents\hsi2ndresearch\Segregated Sentences and Parts\2. Page 5\Document_1\Image_05\C_02_W-01-02-03-04_R1111\Combined\Band_66.png,515,67,uint8,0,255,144.6427112
C:\Users\dell\Documents\hsi2ndresearch\Segregated Sentences and Parts\2. Page 5\Document_1\Image_05\C_02_W-01-02-03-04_R1111\Combined\Band_67.png,515,67,uint8,0,255,145.2391248
C:\Users\dell\Documents\hsi2ndresearch\Segregated Sentences and Parts\2. Page 5\Document_1\Image_05\C_02_W-01-02-03-04_R1111\Combined\Band_68.png,515,67,uint8,0,255,145.6174178
C:\Users\dell\Documents\hsi2ndresearch\Segregated Sentences and Parts\2. Page 5\Document_1\Image_05\C_02_W-01-02-03-04_R1111\Combined\Band_69.png,515,67,uint8,0,255,145.8306043
C:\Users\dell\Documents\hsi2ndresearch\Segregated Sentences and Parts\2. Page 5\Document_1\Image_05\C_02_W-01-02-03-04_R1111\Combined\Band_7.png,515,67,uint8,0,255,142.3320243
C:\Users\dell\Documents\hsi2ndresearch\Segregated Sentences and Parts\2. Page 5\Document_1\Image_05\C_02_W-01-02-03-04_R1111\Combined\Band_70.png,515,67,uint8,0,255,145.9094189
C:\Users\dell\Documents\hsi2ndresearch\Segregated Sentences and Parts\2. Page 5\Document_1\Image_05\C_02_W-01-02-03-04_R1111\Combined\Band_71.png,515,67,uint8,0,255,145.9644544
C:\Users\dell\Documents\hsi2ndresearch\Segregated Sentences and Parts\2. Page 5\Document_1\Image_05\C_02_W-01-02-03-04_R1111\Combined\Band_72.png,515,67,uint8,0,255,146.0031662
C:\Users\dell\Documents\hsi2ndresearch\Segregated Sentences and Parts\2. Page 5\Document_1\Image_05\C_02_W-01-02-03-04_R1111\Combined\Band_73.png,515,67,uint8,0,255,146.1262571
C:\Users\dell\Documents\hsi2ndresearch\Segregated Sentences and Parts\2. Page 5\Document_1\Image_05\C_02_W-01-02-03-04_R1111\Combined\Band_74.png,515,67,uint8,0,255,146.2834517
C:\Users\dell\Documents\hsi2ndresearch\Segregated Sentences and Parts\2. Page 5\Document_1\Image_05\C_02_W-01-02-03-04_R1111\Combined\Band_75.png,515,67,uint8,0,255,146.2737357
C:\Users\dell\Documents\hsi2ndresearch\Segregated Sentences and Parts\2. Page 5\Document_1\Image_05\C_02_W-01-02-03-04_R1111\Combined\Band_76.png,515,67,uint8,0,255,146.4400377
C:\Users\dell\Documents\hsi2ndresearch\Segregated Sentences and Parts\2. Page 5\Document_1\Image_05\C_02_W-01-02-03-04_R1111\Combined\Band_77.png,515,67,uint8,0,255,146.7607955
C:\Users\dell\Documents\hsi2ndresearch\Segregated Sentences and Parts\2. Page 5\Document_1\Image_05\C_02_W-01-02-03-04_R1111\Combined\Band_78.png,515,67,uint8,0,255,146.8583466
C:\Users\dell\Documents\hsi2ndresearch\Segregated Sentences and Parts\2. Page 5\Document_1\Image_05\C_02_W-01-02-03-04_R1111\Combined\Band_79.png,515,67,uint8,0,255,146.9130126
C:\Users\dell\Documents\hsi2ndresearch\Segregated Sentences and Parts\2. Page 5\Document_1\Image_05\C_02_W-01-02-03-04_R1111\Combined\Band_8.png,515,67,uint8,0,255,140.8799957
C:\Users\dell\Documents\hsi2ndresearch\Segregated Sentences and Parts\2. Page 5\Document_1\Image_05\C_02_W-01-02-03-04_R1111\Combined\Band_80.png,515,67,uint8,0,255,146.9386611
C:\Users\dell\Documents\hsi2ndresearch\Segregated Sentences and Parts\2. Page 5\Document_1\Image_05\C_02_W-01-02-03-04_R1111\Combined\Band_81.png,515,67,uint8,0,255,146.9828286
C:\Users\dell\Documents\hsi2ndresearch\Segregated Sentences and Parts\2. Page 5\Document_1\Image_05\C_02_W-01-02-03-04_R1111\Combined\Band_82.png,515,67,uint8,0,255,147.0158455
C:\Users\dell\Documents\hsi2ndresearch\Segregated Sentences and Parts\2. Page 5\Document_1\Image_05\C_02_W-01-02-03-04_R1111\Combined\Band_83.png,515,67,uint8,0,255,146.9560716
C:\Users\dell\Documents\hsi2ndresearch\Segregated Sentences and Parts\2. Page 5\Document_1\Image_05\C_02_W-01-02-03-04_R1111\Combined\Band_84.png,515,67,uint8,0,255,147.1361324
C:\Users\dell\Documents\hsi2ndresearch\Segregated Sentences and Parts\2. Page 5\Document_1\Image_05\C_02_W-01-02-03-04_R1111\Combined\Band_85.png,515,67,uint8,0,255,146.9079481
C:\Users\dell\Documents\hsi2ndresearch\Segregated Sentences and Parts\2. Page 5\Document_1\Image_05\C_02_W-01-02-03-04_R1111\Combined\Band_86.png,515,67,uint8,0,255,147.0828793
C:\Users\dell\Documents\hsi2ndresearch\Segregated Sentences and Parts\2. Page 5\Document_1\Image_05\C_02_W-01-02-03-04_R1111\Combined\Band_87.png,515,67,uint8,0,255,147.5188378
C:\Users\dell\Documents\hsi2ndresearch\Segregated Sentences and Parts\2. Page 5\Document_1\Image_05\C_02_W-01-02-03-04_R1111\Combined\Band_88.png,515,67,uint8,0,255,147.4728663
C:\Users\dell\Documents\hsi2ndresearch\Segregated Sentences and Parts\2. Page 5\Document_1\Image_05\C_02_W-01-02-03-04_R1111\Combined\Band_89.png,515,67,uint8,0,255,147.4210259
C:\Users\dell\Documents\hsi2ndresearch\Segregated Sentences and Parts\2. Page 5\Document_1\Image_05\C_02_W-01-02-03-04_R1111\Combined\Band_9.png,515,67,uint8,0,255,140.7985292
C:\Users\dell\Documents\hsi2ndresearch\Segregated Sentences and Parts\2. Page 5\Document_1\Image_05\C_02_W-01-02-03-04_R1111\Combined\Band_90.png,515,67,uint8,0,255,147.5443559
C:\Users\dell\Documents\hsi2ndresearch\Segregated Sentences and Parts\2. Page 5\Document_1\Image_05\C_02_W-01-02-03-04_R1111\Combined\Band_91.png,515,67,uint8,0,255,147.3755543
C:\Users\dell\Documents\hsi2ndresearch\Segregated Sentences and Parts\2. Page 5\Document_1\Image_05\C_02_W-01-02-03-04_R1111\Combined\Band_92.png,515,67,uint8,0,255,147.4098536
C:\Users\dell\Documents\hsi2ndresearch\Segregated Sentences and Parts\2. Page 5\Document_1\Image_05\C_02_W-01-02-03-04_R1111\Combined\Band_93.png,515,67,uint8,0,255,147.5427909
C:\Users\dell\Documents\hsi2ndresearch\Segregated Sentences and Parts\2. Page 5\Document_1\Image_05\C_02_W-01-02-03-04_R1111\Combined\Band_94.png,515,67,uint8,0,255,147.6121721
C:\Users\dell\Documents\hsi2ndresearch\Segregated Sentences and Parts\2. Page 5\Document_1\Image_05\C_02_W-01-02-03-04_R1111\Combined\Band_95.png,515,67,uint8,0,255,147.4139617
C:\Users\dell\Documents\hsi2ndresearch\Segregated Sentences and Parts\2. Page 5\Document_1\Image_05\C_02_W-01-02-03-04_R1111\Combined\Band_96.png,515,67,uint8,0,255,147.3621432
C:\Users\dell\Documents\hsi2ndresearch\Segregated Sentences and Parts\2. Page 5\Document_1\Image_05\C_02_W-01-02-03-04_R1111\Combined\Band_97.png,515,67,uint8,0,255,147.3055861
C:\Users\dell\Documents\hsi2ndresearch\Segregated Sentences and Parts\2. Page 5\Document_1\Image_05\C_02_W-01-02-03-04_R1111\Combined\Band_98.png,515,67,uint8,0,255,147.2727866
C:\Users\dell\Documents\hsi2ndresearch\Segregated Sentences and Parts\2. Page 5\Document_1\Image_05\C_02_W-01-02-03-04_R1111\Combined\Band_99.png,515,67,uint8,0,255,147.2488552
C:\Users\dell\Documents\hsi2ndresearch\Segregated Sentences and Parts\2. Page 5\Document_1\Image_05\C_02_W-01-02-03-04_R1111\Writer_00\Band_1.png,515,282,uint8,0,255,108.3967827
C:\Users\dell\Documents\hsi2ndresearch\Segregated Sentences and Parts\2. Page 5\Document_1\Image_05\C_02_W-01-02-03-04_R1111\Writer_00\Band_10.png,515,282,uint8,0,255,108.16242
C:\Users\dell\Documents\hsi2ndresearch\Segregated Sentences and Parts\2. Page 5\Document_1\Image_05\C_02_W-01-02-03-04_R1111\Writer_00\Band_100.png,515,282,uint8,0,255,118.6973766
C:\Users\dell\Documents\hsi2ndresearch\Segregated Sentences and Parts\2. Page 5\Document_1\Image_05\C_02_W-01-02-03-04_R1111\Writer_00\Band_101.png,515,282,uint8,0,255,118.7319459
C:\Users\dell\Documents\hsi2ndresearch\Segregated Sentences and Parts\2. Page 5\Document_1\Image_05\C_02_W-01-02-03-04_R1111\Writer_00\Band_102.png,515,282,uint8,0,255,118.8012239
C:\Users\dell\Documents\hsi2ndresearch\Segregated Sentences and Parts\2. Page 5\Document_1\Image_05\C_02_W-01-02-03-04_R1111\Writer_00\Band_103.png,515,282,uint8,0,255,118.9197532
C:\Users\dell\Documents\hsi2ndresearch\Segregated Sentences and Parts\2. Page 5\Document_1\Image_05\C_02_W-01-02-03-04_R1111\Writer_00\Band_104.png,515,282,uint8,0,255,119.0109017
C:\Users\dell\Documents\hsi2ndresearch\Segregated Sentences and Parts\2. Page 5\Document_1\Image_05\C_02_W-01-02-03-04_R1111\Writer_00\Band_105.png,515,282,uint8,0,255,119.0938959
C:\Users\dell\Documents\hsi2ndresearch\Segregated Sentences and Parts\2. Page 5\Document_1\Image_05\C_02_W-01-02-03-04_R1111\Writer_00\Band_106.png,515,282,uint8,0,255,119.1773807
C:\Users\dell\Documents\hsi2ndresearch\Segregated Sentences and Parts\2. Page 5\Document_1\Image_05\C_02_W-01-02-03-04_R1111\Writer_00\Band_107.png,515,282,uint8,0,255,119.2437255
C:\Users\dell\Documents\hsi2ndresearch\Segregated Sentences and Parts\2. Page 5\Document_1\Image_05\C_02_W-01-02-03-04_R1111\Writer_00\Band_108.png,515,282,uint8,0,255,119.2349566
C:\Users\dell\Documents\hsi2ndresearch\Segregated Sentences and Parts\2. Page 5\Document_1\Image_05\C_02_W-01-02-03-04_R1111\Writer_00\Band_109.png,515,282,uint8,0,255,119.2197945
C:\Users\dell\Documents\hsi2ndresearch\Segregated Sentences and Parts\2. Page 5\Document_1\Image_05\C_02_W-01-02-03-04_R1111\Writer_00\Band_11.png,515,282,uint8,0,255,109.7713179
C:\Users\dell\Documents\hsi2ndresearch\Segregated Sentences and Parts\2. Page 5\Document_1\Image_05\C_02_W-01-02-03-04_R1111\Writer_00\Band_110.png,515,282,uint8,0,255,119.0645115
C:\Users\dell\Documents\hsi2ndresearch\Segregated Sentences and Parts\2. Page 5\Document_1\Image_05\C_02_W-01-02-03-04_R1111\Writer_00\Band_111.png,515,282,uint8,0,255,118.6532018
C:\Users\dell\Documents\hsi2ndresearch\Segregated Sentences and Parts\2. Page 5\Document_1\Image_05\C_02_W-01-02-03-04_R1111\Writer_00\Band_112.png,515,282,uint8,0,255,118.6712404
C:\Users\dell\Documents\hsi2ndresearch\Segregated Sentences and Parts\2. Page 5\Document_1\Image_05\C_02_W-01-02-03-04_R1111\Writer_00\Band_113.png,515,282,uint8,0,255,118.9150899
C:\Users\dell\Documents\hsi2ndresearch\Segregated Sentences and Parts\2. Page 5\Document_1\Image_05\C_02_W-01-02-03-04_R1111\Writer_00\Band_114.png,515,282,uint8,0,255,118.9265906
C:\Users\dell\Documents\hsi2ndresearch\Segregated Sentences and Parts\2. Page 5\Document_1\Image_05\C_02_W-01-02-03-04_R1111\Writer_00\Band_115.png,515,282,uint8,0,255,118.9012652
C:\Users\dell\Documents\hsi2ndresearch\Segregated Sentences and Parts\2. Page 5\Document_1\Image_05\C_02_W-01-02-03-04_R1111\Writer_00\Band_116.png,515,282,uint8,0,255,118.9899091
C:\Users\dell\Documents\hsi2ndresearch\Segregated Sentences and Parts\2. Page 5\Document_1\Image_05\C_02_W-01-02-03-04_R1111\Writer_00\Band_117.png,515,282,uint8,0,255,118.9659368
C:\Users\dell\Documents\hsi2ndresearch\Segregated Sentences and Parts\2. Page 5\Document_1\Image_05\C_02_W-01-02-03-04_R1111\Writer_00\Band_118.png,515,282,uint8,0,255,118.8856951
C:\Users\dell\Documents\hsi2ndresearch\Segregated Sentences and Parts\2. Page 5\Document_1\Image_05\C_02_W-01-02-03-04_R1111\Writer_00\Band_119.png,515,282,uint8,0,255,119.0506404
C:\Users\dell\Documents\hsi2ndresearch\Segregated Sentences and Parts\2. Page 5\Document_1\Image_05\C_02_W-01-02-03-04_R1111\Writer_00\Band_12.png,515,282,uint8,0,255,108.9952024
C:\Users\dell\Documents\hsi2ndresearch\Segregated Sentences and Parts\2. Page 5\Document_1\Image_05\C_02_W-01-02-03-04_R1111\Writer_00\Band_120.png,515,282,uint8,0,255,119.1750826
C:\Users\dell\Documents\hsi2ndresearch\Segregated Sentences and Parts\2. Page 5\Document_1\Image_05\C_02_W-01-02-03-04_R1111\Writer_00\Band_121.png,515,282,uint8,0,255,119.1351993
C:\Users\dell\Documents\hsi2ndresearch\Segregated Sentences and Parts\2. Page 5\Document_1\Image_05\C_02_W-01-02-03-04_R1111\Writer_00\Band_122.png,515,282,uint8,0,255,119.1618467
C:\Users\dell\Documents\hsi2ndresearch\Segregated Sentences and Parts\2. Page 5\Document_1\Image_05\C_02_W-01-02-03-04_R1111\Writer_00\Band_123.png,515,282,uint8,0,255,119.0683795
C:\Users\dell\Documents\hsi2ndresearch\Segregated Sentences and Parts\2. Page 5\Document_1\Image_05\C_02_W-01-02-03-04_R1111\Writer_00\Band_124.png,515,282,uint8,0,255,119.1061712
C:\Users\dell\Documents\hsi2ndresearch\Segregated Sentences and Parts\2. Page 5\Document_1\Image_05\C_02_W-01-02-03-04_R1111\Writer_00\Band_125.png,515,282,uint8,0,255,119.1133547
C:\Users\dell\Documents\hsi2ndresearch\Segregated Sentences and Parts\2. Page 5\Document_1\Image_05\C_02_W-01-02-03-04_R1111\Writer_00\Band_126.png,515,282,uint8,0,255,119.1578393
C:\Users\dell\Documents\hsi2ndresearch\Segregated Sentences and Parts\2. Page 5\Document_1\Image_05\C_02_W-01-02-03-04_R1111\Writer_00\Band_127.png,515,282,uint8,0,255,119.2284239
C:\Users\dell\Documents\hsi2ndresearch\Segregated Sentences and Parts\2. Page 5\Document_1\Image_05\C_02_W-01-02-03-04_R1111\Writer_00\Band_128.png,515,282,uint8,0,255,119.359874
C:\Users\dell\Documents\hsi2ndresearch\Segregated Sentences and Parts\2. Page 5\Document_1\Image_05\C_02_W-01-02-03-04_R1111\Writer_00\Band_129.png,515,282,uint8,0,255,119.4714212
C:\Users\dell\Documents\hsi2ndresearch\Segregated Sentences and Parts\2. Page 5\Document_1\Image_05\C_02_W-01-02-03-04_R1111\Writer_00\Band_13.png,515,282,uint8,0,255,107.5168354
C:\Users\dell\Documents\hsi2ndresearch\Segregated Sentences and Parts\2. Page 5\Document_1\Image_05\C_02_W-01-02-03-04_R1111\Writer_00\Band_130.png,515,282,uint8,0,255,119.4512652
C:\Users\dell\Documents\hsi2ndresearch\Segregated Sentences and Parts\2. Page 5\Document_1\Image_05\C_02_W-01-02-03-04_R1111\Writer_00\Band_131.png,515,282,uint8,0,255,119.2807684
C:\Users\dell\Documents\hsi2ndresearch\Segregated Sentences and Parts\2. Page 5\Document_1\Image_05\C_02_W-01-02-03-04_R1111\Writer_00\Band_132.png,515,282,uint8,0,255,119.0633134
C:\Users\dell\Documents\hsi2ndresearch\Segregated Sentences and Parts\2. Page 5\Document_1\Image_05\C_02_W-01-02-03-04_R1111\Writer_00\Band_133.png,515,282,uint8,0,255,118.9057529
C:\Users\dell\Documents\hsi2ndresearch\Segregated Sentences and Parts\2. Page 5\Document_1\Image_05\C_02_W-01-02-03-04_R1111\Writer_00\Band_134.png,515,282,uint8,0,255,118.8613871
C:\Users\dell\Documents\hsi2ndresearch\Segregated Sentences and Parts\2. Page 5\Document_1\Image_05\C_02_W-01-02-03-04_R1111\Writer_00\Band_135.png,515,282,uint8,0,255,118.3225212
C:\Users\dell\Documents\hsi2ndresearch\Segregated Sentences and Parts\2. Page 5\Document_1\Image_05\C_02_W-01-02-03-04_R1111\Writer_00\Band_136.png,515,282,uint8,0,255,118.5437719
C:\Users\dell\Documents\hsi2ndresearch\Segregated Sentences and Parts\2. Page 5\Document_1\Image_05\C_02_W-01-02-03-04_R1111\Writer_00\Band_137.png,515,282,uint8,0,255,118.7936325
C:\Users\dell\Documents\hsi2ndresearch\Segregated Sentences and Parts\2. Page 5\Document_1\Image_05\C_02_W-01-02-03-04_R1111\Writer_00\Band_138.png,515,282,uint8,0,255,119.0603801
C:\Users\dell\Documents\hsi2ndresearch\Segregated Sentences and Parts\2. Page 5\Document_1\Image_05\C_02_W-01-02-03-04_R1111\Writer_00\Band_139.png,515,282,uint8,0,255,119.0770192
C:\Users\dell\Documents\hsi2ndresearch\Segregated Sentences and Parts\2. Page 5\Document_1\Image_05\C_02_W-01-02-03-04_R1111\Writer_00\Band_14.png,515,282,uint8,0,255,105.571793
C:\Users\dell\Documents\hsi2ndresearch\Segregated Sentences and Parts\2. Page 5\Document_1\Image_05\C_02_W-01-02-03-04_R1111\Writer_00\Band_140.png,515,282,uint8,0,255,119.0437203
C:\Users\dell\Documents\hsi2ndresearch\Segregated Sentences and Parts\2. Page 5\Document_1\Image_05\C_02_W-01-02-03-04_R1111\Writer_00\Band_141.png,515,282,uint8,0,255,119.0799577
C:\Users\dell\Documents\hsi2ndresearch\Segregated Sentences and Parts\2. Page 5\Document_1\Image_05\C_02_W-01-02-03-04_R1111\Writer_00\Band_142.png,515,282,uint8,0,255,119.1407974
C:\Users\dell\Documents\hsi2ndresearch\Segregated Sentences and Parts\2. Page 5\Document_1\Image_05\C_02_W-01-02-03-04_R1111\Writer_00\Band_143.png,515,282,uint8,0,255,119.1538525
C:\Users\dell\Documents\hsi2ndresearch\Segregated Sentences and Parts\2. Page 5\Document_1\Image_05\C_02_W-01-02-03-04_R1111\Writer_00\Band_144.png,515,282,uint8,0,255,119.1544309
C:\Users\dell\Documents\hsi2ndresearch\Segregated Sentences and Parts\2. Page 5\Document_1\Image_05\C_02_W-01-02-03-04_R1111\Writer_00\Band_145.png,515,282,uint8,0,255,119.0865885
C:\Users\dell\Documents\hsi2ndresearch\Segregated Sentences and Parts\2. Page 5\Document_1\Image_05\C_02_W-01-02-03-04_R1111\Writer_00\Band_146.png,515,282,uint8,0,255,118.8037182
C:\Users\dell\Documents\hsi2ndresearch\Segregated Sentences and Parts\2. Page 5\Document_1\Image_05\C_02_W-01-02-03-04_R1111\Writer_00\Band_147.png,515,282,uint8,0,255,118.6205743
C:\Users\dell\Documents\hsi2ndresearch\Segregated Sentences and Parts\2. Page 5\Document_1\Image_05\C_02_W-01-02-03-04_R1111\Writer_00\Band_148.png,515,282,uint8,0,255,118.5356435
C:\Users\dell\Documents\hsi2ndresearch\Segregated Sentences and Parts\2. Page 5\Document_1\Image_05\C_02_W-01-02-03-04_R1111\Writer_00\Band_149.png,515,282,uint8,0,255,118.4573642
C:\Users\dell\Documents\hsi2ndresearch\Segregated Sentences and Parts\2. Page 5\Document_1\Image_05\C_02_W-01-02-03-04_R1111\Writer_00\Band_15.png,515,282,uint8,0,255,107.3925945
C:\Users\dell\Documents\hsi2ndresearch\Segregated Sentences and Parts\2. Page 5\Document_1\Image_05\C_02_W-01-02-03-04_R1111\Writer_00\Band_16.png,515,282,uint8,0,255,108.0833712
C:\Users\dell\Documents\hsi2ndresearch\Segregated Sentences and Parts\2. Page 5\Document_1\Image_05\C_02_W-01-02-03-04_R1111\Writer_00\Band_17.png,515,282,uint8,0,255,110.2138195
C:\Users\dell\Documents\hsi2ndresearch\Segregated Sentences and Parts\2. Page 5\Document_1\Image_05\C_02_W-01-02-03-04_R1111\Writer_00\Band_18.png,515,282,uint8,0,255,109.3762911
C:\Users\dell\Documents\hsi2ndresearch\Segregated Sentences and Parts\2. Page 5\Document_1\Image_05\C_02_W-01-02-03-04_R1111\Writer_00\Band_19.png,515,282,uint8,0,255,108.3717414
C:\Users\dell\Documents\hsi2ndresearch\Segregated Sentences and Parts\2. Page 5\Document_1\Image_05\C_02_W-01-02-03-04_R1111\Writer_00\Band_2.png,515,282,uint8,0,255,109.8515441
C:\Users\dell\Documents\hsi2ndresearch\Segregated Sentences and Parts\2. Page 5\Document_1\Image_05\C_02_W-01-02-03-04_R1111\Writer_00\Band_20.png,515,282,uint8,0,255,108.775976
C:\Users\dell\Documents\hsi2ndresearch\Segregated Sentences and Parts\2. Page 5\Document_1\Image_05\C_02_W-01-02-03-04_R1111\Writer_00\Band_21.png,515,282,uint8,0,255,109.8502582
C:\Users\dell\Documents\hsi2ndresearch\Segregated Sentences and Parts\2. Page 5\Document_1\Image_05\C_02_W-01-02-03-04_R1111\Writer_00\Band_22.png,515,282,uint8,0,255,111.3899246
C:\Users\dell\Documents\hsi2ndresearch\Segregated Sentences and Parts\2. Page 5\Document_1\Image_05\C_02_W-01-02-03-04_R1111\Writer_00\Band_23.png,515,282,uint8,0,255,111.7180128
C:\Users\dell\Documents\hsi2ndresearch\Segregated Sentences and Parts\2. Page 5\Document_1\Image_05\C_02_W-01-02-03-04_R1111\Writer_00\Band_24.png,515,282,uint8,0,255,111.6549112
C:\Users\dell\Documents\hsi2ndresearch\Segregated Sentences and Parts\2. Page 5\Document_1\Image_05\C_02_W-01-02-03-04_R1111\Writer_00\Band_25.png,515,282,uint8,0,255,111.4986108
C:\Users\dell\Documents\hsi2ndresearch\Segregated Sentences and Parts\2. Page 5\Document_1\Image_05\C_02_W-01-02-03-04_R1111\Writer_00\Band_26.png,515,282,uint8,0,255,111.4162312
C:\Users\dell\Documents\hsi2ndresearch\Segregated Sentences and Parts\2. Page 5\Document_1\Image_05\C_02_W-01-02-03-04_R1111\Writer_00\Band_27.png,515,282,uint8,0,255,111.1136232
C:\Users\dell\Documents\hsi2ndresearch\Segregated Sentences and Parts\2. Page 5\Document_1\Image_05\C_02_W-01-02-03-04_R1111\Writer_00\Band_28.png,515,282,uint8,0,255,111.1671246
C:\Users\dell\Documents\hsi2ndresearch\Segregated Sentences and Parts\2. Page 5\Document_1\Image_05\C_02_W-01-02-03-04_R1111\Writer_00\Band_29.png,515,282,uint8,0,255,111.7555257
C:\Users\dell\Documents\hsi2ndresearch\Segregated Sentences and Parts\2. Page 5\Document_1\Image_05\C_02_W-01-02-03-04_R1111\Writer_00\Band_3.png,515,282,uint8,0,255,110.8576947
C:\Users\dell\Documents\hsi2ndresearch\Segregated Sentences and Parts\2. Page 5\Document_1\Image_05\C_02_W-01-02-03-04_R1111\Writer_00\Band_30.png,515,282,uint8,0,255,111.5112477
C:\Users\dell\Documents\hsi2ndresearch\Segregated Sentences and Parts\2. Page 5\Document_1\Image_05\C_02_W-01-02-03-04_R1111\Writer_00\Band_31.png,515,282,uint8,0,255,111.2806393
C:\Users\dell\Documents\hsi2ndresearch\Segregated Sentences and Parts\2. Page 5\Document_1\Image_05\C_02_W-01-02-03-04_R1111\Writer_00\Band_32.png,515,282,uint8,0,255,110.8190198
C:\Users\dell\Documents\hsi2ndresearch\Segregated Sentences and Parts\2. Page 5\Document_1\Image_05\C_02_W-01-02-03-04_R1111\Writer_00\Band_33.png,515,282,uint8,0,255,111.8401622
C:\Users\dell\Documents\hsi2ndresearch\Segregated Sentences and Parts\2. Page 5\Document_1\Image_05\C_02_W-01-02-03-04_R1111\Writer_00\Band_34.png,515,282,uint8,0,255,112.5418509
C:\Users\dell\Documents\hsi2ndresearch\Segregated Sentences and Parts\2. Page 5\Document_1\Image_05\C_02_W-01-02-03-04_R1111\Writer_00\Band_35.png,515,282,uint8,0,255,112.6091768
C:\Users\dell\Documents\hsi2ndresearch\Segregated Sentences and Parts\2. Page 5\Document_1\Image_05\C_02_W-01-02-03-04_R1111\Writer_00\Band_36.png,515,282,uint8,0,255,112.1842388
C:\Users\dell\Documents\hsi2ndresearch\Segregated Sentences and Parts\2. Page 5\Document_1\Image_05\C_02_W-01-02-03-04_R1111\Writer_00\Band_37.png,515,282,uint8,0,255,112.1444691
C:\Users\dell\Documents\hsi2ndresearch\Segregated Sentences and Parts\2. Page 5\Document_1\Image_05\C_02_W-01-02-03-04_R1111\Writer_00\Band_38.png,515,282,uint8,0,255,111.6580717
C:\Users\dell\Documents\hsi2ndresearch\Segregated Sentences and Parts\2. Page 5\Document_1\Image_05\C_02_W-01-02-03-04_R1111\Writer_00\Band_39.png,515,282,uint8,0,255,112.5760174
C:\Users\dell\Documents\hsi2ndresearch\Segregated Sentences and Parts\2. Page 5\Document_1\Image_05\C_02_W-01-02-03-04_R1111\Writer_00\Band_4.png,515,282,uint8,0,255,110.4514305
C:\Users\dell\Documents\hsi2ndresearch\Segregated Sentences and Parts\2. Page 5\Document_1\Image_05\C_02_W-01-02-03-04_R1111\Writer_00\Band_40.png,515,282,uint8,0,255,113.0201043
C:\Users\dell\Documents\hsi2ndresearch\Segregated Sentences and Parts\2. Page 5\Document_1\Image_05\C_02_W-01-02-03-04_R1111\Writer_00\Band_41.png,515,282,uint8,0,255,112.9073229
C:\Users\dell\Documents\hsi2ndresearch\Segregated Sentences and Parts\2. Page 5\Document_1\Image_05\C_02_W-01-02-03-04_R1111\Writer_00\Band_42.png,515,282,uint8,0,255,112.7846881
C:\Users\dell\Documents\hsi2ndresearch\Segregated Sentences and Parts\2. Page 5\Document_1\Image_05\C_02_W-01-02-03-04_R1111\Writer_00\Band_43.png,515,282,uint8,0,255,112.5870378
C:\Users\dell\Documents\hsi2ndresearch\Segregated Sentences and Parts\2. Page 5\Document_1\Image_05\C_02_W-01-02-03-04_R1111\Writer_00\Band_44.png,515,282,uint8,0,255,112.6458686
C:\Users\dell\Documents\hsi2ndresearch\Segregated Sentences and Parts\2. Page 5\Document_1\Image_05\C_02_W-01-02-03-04_R1111\Writer_00\Band_45.png,515,282,uint8,0,255,112.8921297
C:\Users\dell\Documents\hsi2ndresearch\Segregated Sentences and Parts\2. Page 5\Document_1\Image_05\C_02_W-01-02-03-04_R1111\Writer_00\Band_46.png,515,282,uint8,0,255,112.8451508
C:\Users\dell\Documents\hsi2ndresearch\Segregated Sentences and Parts\2. Page 5\Document_1\Image_05\C_02_W-01-02-03-04_R1111\Writer_00\Band_47.png,515,282,uint8,0,255,112.5795342
C:\Users\dell\Documents\hsi2ndresearch\Segregated Sentences and Parts\2. Page 5\Document_1\Image_05\C_02_W-01-02-03-04_R1111\Writer_00\Band_48.png,515,282,uint8,0,255,112.672924
C:\Users\dell\Documents\hsi2ndresearch\Segregated Sentences and Parts\2. Page 5\Document_1\Image_05\C_02_W-01-02-03-04_R1111\Writer_00\Band_49.png,515,282,uint8,0,255,112.5416701
C:\Users\dell\Documents\hsi2ndresearch\Segregated Sentences and Parts\2. Page 5\Document_1\Image_05\C_02_W-01-02-03-04_R1111\Writer_00\Band_5.png,515,282,uint8,0,255,109.7527215
C:\Users\dell\Documents\hsi2ndresearch\Segregated Sentences and Parts\2. Page 5\Document_1\Image_05\C_02_W-01-02-03-04_R1111\Writer_00\Band_50.png,515,282,uint8,0,255,113.0639434
C:\Users\dell\Documents\hsi2ndresearch\Segregated Sentences and Parts\2. Page 5\Document_1\Image_05\C_02_W-01-02-03-04_R1111\Writer_00\Band_51.png,515,282,uint8,0,255,112.8502376
C:\Users\dell\Documents\hsi2ndresearch\Segregated Sentences and Parts\2. Page 5\Document_1\Image_05\C_02_W-01-02-03-04_R1111\Writer_00\Band_52.png,515,282,uint8,0,255,113.0612425
C:\Users\dell\Documents\hsi2ndresearch\Segregated Sentences and Parts\2. Page 5\Document_1\Image_05\C_02_W-01-02-03-04_R1111\Writer_00\Band_53.png,515,282,uint8,0,255,113.4678837
C:\Users\dell\Documents\hsi2ndresearch\Segregated Sentences and Parts\2. Page 5\Document_1\Image_05\C_02_W-01-02-03-04_R1111\Writer_00\Band_54.png,515,282,uint8,0,255,113.1777784
C:\Users\dell\Documents\hsi2ndresearch\Segregated Sentences and Parts\2. Page 5\Document_1\Image_05\C_02_W-01-02-03-04_R1111\Writer_00\Band_55.png,515,282,uint8,0,255,112.9741427
C:\Users\dell\Documents\hsi2ndresearch\Segregated Sentences and Parts\2. Page 5\Document_1\Image_05\C_02_W-01-02-03-04_R1111\Writer_00\Band_56.png,515,282,uint8,0,255,112.9065947
C:\Users\dell\Documents\hsi2ndresearch\Segregated Sentences and Parts\2. Page 5\Document_1\Image_05\C_02_W-01-02-03-04_R1111\Writer_00\Band_57.png,515,282,uint8,0,255,112.7058407
C:\Users\dell\Documents\hsi2ndresearch\Segregated Sentences and Parts\2. Page 5\Document_1\Image_05\C_02_W-01-02-03-04_R1111\Writer_00\Band_58.png,515,282,uint8,0,255,113.3848533
C:\Users\dell\Documents\hsi2ndresearch\Segregated Sentences and Parts\2. Page 5\Document_1\Image_05\C_02_W-01-02-03-04_R1111\Writer_00\Band_59.png,515,282,uint8,0,255,113.4692832
